id,number,Name,lat,lon,dist_from_depo,demand
301396116,1,Muyange-Gasoho,-2.8120115,30.129159,73.27071899436777,2
498682537,2,Rusengo,-3.3999897,30.3532833,50.50467254821779,2
672626781,3,Kobero,-2.653605,30.4069397,102.99974672198255,2
1343330461,4,Gitandu,-3.755371,29.6677905,43.97672883792683,2
1343357989,5,Butwe,-3.7788147,29.7229694,42.97182590008475,2
1343387467,6,Mahwa,-3.80367,29.7819641,43.003287214710014,2
1343387469,7,Kiryama,-3.8671172,29.722502,51.865773587603904,2
1343387471,8,Kiremba,-3.942023,29.6747025,61.570546817309285,2
1343414237,9,Vyuya,-3.7059654,29.6607451,40.19580738923474,2
1343414243,10,Nyakararo,-3.5284079,29.6044951,34.478297542674305,2
1343414246,11,Ijenda,-3.4803969,29.5636502,37.735713391281486,2
1344526635,12,Gitaba,-3.873949,29.9699439,49.342113076968,2
1344545310,13,Banda,-4.4472927,29.6634283,115.16377299536394,2
1344545313,14,Gatete,-4.046748,29.4784727,82.42614453867934,2
1344545314,15,Karonda,-4.0889831,29.497039,85.20865203813231,2
1344562634,16,Buhonga,-3.4338553,29.4105109,54.39255009445309,2
1344947977,17,Nyagasasa,-3.5942681,29.5911101,38.66230310420781,2
1345786372,18,Ruvuye,-3.948919,29.8431612,57.36513702659887,2
1345802549,19,Nyange,-4.1446084,29.8943831,78.65834467136813,2
1345802550,20,Ntirwonza,-3.8519144,29.9141479,46.31653947934621,2
1345802552,21,Dunga,-4.1769268,29.9307859,82.3007134205166,2
1345802553,22,Bigugo,-3.9104747,29.974349,53.40796503999105,2
1345809290,23,Rangi,-3.4731834,30.200684,33.70143174834025,2
1345848178,24,Mugege,-3.6147177,30.1149368,31.189344600942118,2
1345856440,25,Tetero,-3.0095312,30.7810775,108.56098259340482,2
1345856441,26,Nyakatsi,-3.1577676,30.6248137,86.12268630593206,2
1345856444,27,Rurengera,-3.1861429,30.6426411,86.94076721694998,2
1347112607,28,Butora,-3.5135797,29.6347403,30.782494717599835,2
1347112609,29,Mweya,-3.4909196,29.9261668,7.003559544565849,2
1347117124,30,Gitibu,-3.1856809,30.5747403,79.82994341542452,2
1347117126,31,Gikora,-3.1067373,30.5519613,80.95809912343174,2
1347127241,32,Nyabisinda,-2.9212484,30.3984456,79.21712095317385,2
1347127245,33,Kibongera,-2.8683768,30.380332,82.17485336456755,2
1347127250,34,Rugari,-2.7287338,30.3999741,95.70055682868924,2
1347127257,35,Murama,-2.696404,30.473291,103.44482684743728,2
1347127259,36,Nyabibuye,-3.3285041,30.0262546,18.19709144171566,2
1347134533,37,Ruyange,-3.0229646,29.8868201,45.39762626659473,2
1347134536,38,Rubarazi,-3.3806579,29.9438784,7.5933974720483475,2
1347134537,39,Nyangwe,-3.0851249,29.9108826,38.519453916300364,2
1347134538,40,Mirama,-3.3796679,29.9943205,12.042781269762811,2
1347139978,41,Gakere,-2.8536888,30.0436302,66.05047676362808,2
1347139979,42,Cayi,-2.8900535,30.0410628,62.08345075706168,2
1347143267,43,Gikuyo,-2.6141944,30.0741016,92.6192458738789,2
1347143268,44,Gikomero,-2.7729321,30.0889004,75.98084706822954,2
1347150637,45,Kigozi,-2.5375893,30.1046836,101.62542380009921,2
1347153561,46,Rusengo,-3.0393639,30.0647322,47.2518595261889,2
1347160916,47,Ruganza,-2.9048191,29.6132369,66.56542641789761,2
1347160926,48,Butegana,-2.8739745,29.6288825,68.79980227187013,2
1347179717,49,Bubenga,-2.9147623,29.4432448,76.58411616979207,2
1347208021,50,Rusenda,-2.8234903,29.2642629,97.6754704240255,2
1347215841,51,Gasenyi,-3.0397306,29.6349061,52.555501651845866,2
1409506454,52,Matara,-3.4811378,29.4807051,46.89064812651583,2
1539116965,53,Rubimba,-3.9820433,29.8359459,61.09523002390131,2
1541909344,54,Buraniro,-3.7801991,29.6619296,46.59451101387911,2
1543867924,55,Kibungo,-3.7824204,29.6470968,47.74768510318647,2
1641861624,56,Nuyange,-4.3076783,29.6848958,99.59606746744315,2
1673541100,57,Ruziba,-3.4740795,29.3592274,60.25888589524876,2
1673572838,58,Resha,-3.8632919,29.3772073,75.06040861614463,2
1673582520,59,Kamesa,-3.4203822,29.3834642,57.41614457011148,2
1691655515,60,Gihofi,-4.0265749,30.1409204,70.85256655502961,2
1719097789,61,Yaranda,-2.5168516,30.1120935,104.04519554027068,2
1719183367,62,Gisagara,-3.1782869,30.8238704,106.47660998823555,2
1736075572,63,Buta,-3.9555576,29.7065616,61.61910505504342,2
1752306648,64,Buruhukiro,-3.9952739,29.5213596,75.03928830458378,2
1948214600,65,Kabonga,-4.4039191,29.6694119,110.34342859444534,2
2013668476,66,Mutimbuzi,-3.3163946,29.3642082,60.92848227975669,2
2081168988,67,Vugizo,-3.2707702,29.2434996,75.13810386980484,2
2190804443,68,Gatabo,-3.2803949,29.7017338,27.77307771754002,2
2306784457,69,Butahana,-2.7417718,29.2518351,105.06340411306928,2
2306992955,70,Musenyi,-2.956242,30.0319647,54.753162302600046,2
2307027554,71,Teza,-3.2160084,29.5628806,44.508090437359236,2
2312090116,72,Vumwe,-3.62648,30.3169381,51.01372425707683,2
2312128925,73,Mukoni,-2.8622758,30.3220831,78.66407373122085,2
2329644476,74,Mutambara,-4.0094797,29.4543045,80.68877242669033,2
2334712992,75,Kabo,-4.3003683,29.6459586,99.94529248331834,2
2334712993,76,Kazirabageni,-4.266858,29.6246949,97.1138469645832,2
2334712995,77,Mvugo,-4.2906519,29.5692175,101.67511125045112,2
2334712996,78,Rimbo,-4.1754897,29.5409893,91.24576546538279,2
2339102118,79,"Source d'eau de la C R B, U.C KAREMERA",-2.8325768,30.3685871,84.41179878062476,2
2386187672,80,Gaseru,-3.5216605,29.3976417,56.668670292219375,2
2783139047,81,Kibuye,-3.6639211,29.9815243,27.06261969869818,2
3034908168,82,Kayongozi,-3.2726976,30.3361855,51.62415087851292,2
3041548505,83,Tangara,-2.6791714,30.3573073,97.66277548423018,2
3041567810,84,Gisanze,-2.779008,30.182833,78.88545845964438,2
3042995151,85,Gasenyi,-2.3754744,30.2219352,122.324660620445,2
3049396906,86,Mutoyi,-3.2138715,29.9786581,25.790593046480627,2
3051520601,87,Kiyonza,-2.3756976,30.0138909,117.63012927655592,2
3051549073,88,Rubuga,-2.3813143,30.0408121,117.37426854912104,2
3051549074,89,Rutega,-2.4675369,30.1005827,109.09471839755915,2
3051552705,90,Murehe,-2.4026347,30.2199422,119.38972299743725,2
3051565486,91,Marembo,-2.4578124,30.177293,112.18532793751382,2
3051565487,92,Gatare,-2.4719134,30.26538,113.80355738791543,2
3084809685,93,Nzove,-2.3766138,30.3843427,128.6559687224975,2
3086225644,94,Rubura,-2.8329884,29.6307015,72.81796016853072,2
3086259125,95,Campazi,-2.9795798,29.5808021,61.44774614975864,2
3086267375,96,Mubuga,-2.9871327,29.5979683,59.673877905096305,2
3089792353,97,Nyabitare,-3.4500035,30.4107222,56.781530324753156,2
3090937646,98,Mugera,-3.3211013,29.9646241,14.335301112383888,2
3091023746,99,Mubuga,-3.4171457,30.0265082,14.170877084747934,2
3122555478,100,Gakungu,-3.7509576,30.3211533,58.508506228860526,2
3122564881,101,Kwisumo,-3.3619511,30.2664088,41.474552192705765,2
3122572447,102,Ngoma,-3.7781056,30.0082113,39.978640176904065,2
3122580529,103,Maranvya,-3.5499441,29.9767691,15.46382368162195,2
3122584829,104,Nyabiraba,-3.5593799,29.8961767,13.94818525816068,2
3124351985,105,Nyagatovu,-3.5703591,29.440946,53.210883557823685,2
3125135578,106,Mutumba,-3.5886302,29.3597192,62.44051499211888,2
3125142625,107,Kigwena,-4.1473727,29.5317843,88.9255691156861,2
3126201213,108,Rutsindu,-3.0492624,30.764367,105.03518282408477,2
3126206317,109,Kibimba,-3.1261974,30.7042082,95.61211004317195,2
3126212255,110,Ntunda,-3.0836439,30.7571586,102.81223867106593,2
3126218306,111,Kaniha,-3.0759707,30.7272772,100.07508717005776,2
3126223273,112,Munzenze,-2.9937576,30.7216948,103.4554625357689,2
3126226665,113,Muzirangerera,-2.989257,30.6831485,99.93750835332483,2
3126245927,114,Kirasira,-3.398316,30.1597762,29.125173914401067,2
3126256298,115,Solero,-3.3873294,30.1914391,32.78230230956768,2
3126259271,116,Nkongwe,-3.3764475,30.1465404,28.108666866540606,2
3128517254,117,Nyeshenza,-2.7523724,29.1085355,115.79899895070876,2
3130252768,118,Ruzo,-2.3982979,30.4402734,129.25183196580224,2
3130261310,119,Mugano,-2.611586,30.4153422,107.41499806003529,2
3130272159,120,Gasave,-2.555107,30.3877004,111.21793035210882,2
3130287665,121,Buhoro,-2.465894,30.3811524,119.60132534353717,2
3130291102,122,Murore,-2.5485153,30.2424844,104.98415463567227,2
3130293469,123,Nyagisozi,-2.475005,30.2702769,113.68025702595423,2
3130305406,124,Gisenyi,-2.4897146,30.190322,109.21693319556444,2
3130310742,125,Mukerwa,-2.6024763,30.2179861,98.43628667444963,2
3130324341,126,Shombo,-3.3565938,29.6230301,31.925767945705253,2
3130326391,127,Kigoma,-2.5071256,30.0231432,103.32476274590327,2
3130329185,128,Kigina,-2.4157746,30.0559118,113.84240647421689,2
3130329552,129,Kiyanza,-2.5051723,30.1460157,106.21148518572033,2
3130335566,130,Ryarusera,-3.3613906,29.5519372,39.487427705646624,2
3131277063,131,Mubira,-3.3924833,30.091151,21.715566747013632,2
3131281467,132,Kivoga,-3.3691872,30.0657389,19.73504197141715,2
3131309465,133,Bukamba,-3.3586767,30.0958228,23.272862061897328,2
3131311050,134,Gitwa,-3.3682618,30.092808,22.600542950202396,2
3131333062,135,Rugoti,-3.4120938,30.1336914,26.07397373159926,2
3131340197,136,Senga,-3.3859117,30.2122566,35.092564442234256,2
3204421949,137,Mugogo,-3.3775919,30.0589588,18.707482276059203,2
3204433857,138,Rubaragaza,-3.382813,30.2451641,38.76015091541398,2
3204436847,139,Gashurushuru,-3.3539047,30.2220121,36.84503542037892,2
3204439166,140,Nombe,-3.3446865,30.2430159,39.35731632262654,2
3212229662,141,Masango,-3.2580441,29.6499592,33.87766633764488,2
3212252161,142,Kibogoye,-3.2484735,29.5613247,42.82853183288242,2
3218321177,143,Munini,-2.9356971,29.6793827,60.24043027807666,2
3227944334,144,Rusengo,-2.8904925,30.3338001,76.99081242616795,2
3251072665,145,Mageyo,-3.3953392,30.1750966,30.85646942401074,2
3251072666,146,Kigamba,-3.392235,30.2210361,35.96245581420365,2
3251074346,147,Nyarunazi,-3.4121238,30.2091925,34.43786824173647,2
3251080821,148,Muyange,-3.3570909,30.1277932,26.67947240133735,2
3251094996,149,Nyankanda,-3.2974672,30.3224742,49.29317089031093,2
3251094997,150,Munyinya,-3.3211207,30.3004823,46.2009792808213,2
3251097601,151,Musenyi,-3.374289,30.1831931,32.13907203756991,2
3251098809,152,Kanyinya,-3.4059217,30.0822647,20.47874329486455,2
3253764640,153,Gitongo,-3.1859296,29.8730383,27.517344878260637,2
3253819953,154,Buyenzi,-3.6179341,29.3462439,64.82686284619112,2
3253826761,155,Kiyenzi,-3.4537915,29.4155177,53.8832600813779,2
3253826799,156,Nyabugete,-3.4715568,29.3506327,61.191444044667605,2
3253843707,157,Gasarara,-3.4015194,29.4056718,55.043459672096624,2
3253872854,158,Mbuga,-3.9388371,29.4172979,77.46281991177923,2
3259272540,159,Rambwe,-3.1661277,29.3877633,64.13738712162395,2
3259276201,160,Muyebe,-3.1373186,29.485918,56.47156144955513,2
3259280145,161,Miheto,-3.2291123,29.4645226,53.403589489354395,2
3259291161,162,Mutaho,-3.2236327,29.6041253,40.233229107254424,2
3259291162,163,Kinyamugera,-3.2334401,29.5838053,41.51140510025798,2
3259291163,164,Buraniro,-3.1005182,29.6641119,45.18208978102019,2
3259293861,165,Musema,-3.0797816,29.6714741,46.61776833705161,2
3259306247,166,Gitaramuka,-3.3397599,29.701705,24.34264918402746,2
3259306248,167,Murenguko,-3.3329902,29.7047459,24.368737874435038,2
3259306249,168,Gatongati,-3.4774758,29.6500979,28.19512151544704,2
3259313316,169,Fota,-3.4388182,29.7032928,21.866758768504035,2
3259313317,170,Kibimba,-3.4331352,29.5960306,33.77739972189127,2
3260112475,171,Rukana,-2.7728703,29.0606591,118.4811422593661,2
3260247222,172,Ruhororo,-2.6325925,29.2190261,116.48941966415511,2
3260379210,173,Rumeza,-3.8315568,29.6284749,53.379555489541794,2
3260379211,174,Manyoni,-3.8447979,29.6235133,54.900169809720616,2
3262060687,175,Butegana,-2.6012601,30.3371164,104.04843437535033,2
3263349760,176,Nyarubanga,-4.2626032,29.9659168,91.99555507195677,2
3263593347,177,Gihongoro,-4.1461429,29.83366,79.16923695818053,2
3263593348,178,Kiyange,-4.2246077,29.9111597,87.510986847938,2
3263593802,179,Gatabo,-4.0861179,30.1099418,75.86140622100277,2
3263658919,180,Mugeni,-4.1173609,30.0544625,77.56429468503877,2
3265387028,181,Muhafu,-3.935896,30.1745958,63.39796655867402,2
3265446634,182,Gitwenge,-3.1942696,30.7074924,93.55181268041274,2
3265451229,183,Rusigabangazi,-3.245519,30.777642,99.71965778053936,2
3274011586,184,Kivubo,-3.8155028,29.8793715,42.32558715576619,2
3285110498,185,Renga,-3.3197327,29.6713344,28.344767359611183,2
3298864898,186,Nyagahara,-3.6971273,30.2573137,49.266115630962055,2
3302884597,187,Ngoro,-3.0376475,29.6813064,50.04888760022264,2
3312193983,188,Nyavyamo,-3.9109039,29.6975384,57.40283929054503,2
3312210932,189,Rorero,-3.5995057,29.7101806,27.97521342797939,2
3312487775,190,Kiziba,-3.0270701,29.4518131,67.07571664701841,2
3314518173,191,Rubirizi,-2.7397535,29.0765348,119.41576518298217,2
3319833915,192,Gatwe,-4.2202668,29.9912983,87.61104467768112,2
3323581333,193,Mugere,-3.2649568,29.702246,28.80083495801328,2
3323645375,194,Mungwa,-3.4501042,29.8880577,2.2833828131142426,2
3325293463,195,Murenge,-4.0839312,29.7956308,72.87428580274126,2
3325342919,196,Kabanga,-4.0362079,30.0824769,69.68237711880892,2
3327451832,197,Gikomero,-3.145705,29.8207926,32.99752209908101,2
3328558669,198,Kibimba,-3.582369,29.6271411,34.509359734591975,2
3328759795,199,Kanyami,-3.4028066,29.6599644,26.885708227616124,2
3328787521,200,Rutyazo,-3.4623255,29.7141191,20.902846765026286,2
3328787562,201,Rubanga,-3.75356,29.6961762,42.03512110605692,2
3328963114,202,Gakwende,-3.9584704,29.871895,58.156631370453844,2
3330919002,203,Gitwe,-3.3274235,29.5083477,45.070339204161684,2
3330919003,204,Murayi,-3.2940725,29.8308882,17.204916614826587,2
3330919004,205,Kirimbi,-3.2854602,29.9220719,16.530830957054953,2
3330919005,206,Muremera,-3.0595859,30.5157067,79.94050914088947,2
3330946044,207,Gasenyi,-3.282745,30.3961674,57.59735466380682,2
3330946045,208,Nyarunazi,-3.2183729,30.372873,57.676106911112754,2
3342266566,209,Rwibaga,-3.4712321,29.5386056,40.37618316345575,2
3352948420,210,Mugara,-4.0481985,29.5252049,79.72860633578864,2
3353093832,211,Munini,-4.0093161,29.7399592,66.1298227629842,2
3356061601,212,Kinazi,-2.7000242,30.4060773,98.68783412527813,2
3356061602,213,Butarugera,-2.6612537,30.377419,100.5222363789512,2
3356061603,214,Buzigo,-2.6316839,30.2185645,95.45275479917758,2
3356061604,215,Rutamo,-2.4230903,30.0078733,112.34807883203588,2
3356061605,216,Ntwago,-2.5113735,30.0170538,102.77129428078868,2
3356061606,217,Mugendo,-2.5285719,29.988335,100.52320294673288,2
3356061607,218,Mugina,-2.5889791,29.957038,93.57783976870599,2
3356146558,219,Murehe,-2.7401452,30.0249353,77.89530768667412,2
3356146560,220,Kagogo,-2.772756,29.1105599,114.17258062239699,2
3356146561,221,Ndava,-3.026235,29.2577883,84.3853819797141,2
3356146562,222,Buramata,-3.1507404,29.3480077,68.84519451537395,2
3356150585,223,Mugina,-4.4223226,29.7496971,110.63217786556058,2
3356150586,224,Gishiha,-4.1066772,29.7087422,77.43286494492328,2
3356150587,225,Martyazo,-4.1369834,29.6985823,80.96521814353132,2
3356181786,226,Gitabi,-4.0584557,29.9394716,69.26801899491844,2
3356223468,227,Mudende,-3.8906652,29.5171845,66.07931139624148,2
3356223469,228,Mutumba,-3.5221903,29.689204,25.401622547775734,2
3356363540,229,Karehe,-2.4456314,30.1798715,113.55926055214172,2
3356363541,230,Nyagisozi,-2.449542,30.3005909,117.54442995642206,2
3356365919,231,Gacu,-2.4579892,30.4395525,123.40579916113126,2
3356365920,232,Mihigo,-2.4805919,30.4636345,122.57413991646514,2
3356365921,233,Gatoke,-2.4279053,30.4855556,128.83082013931252,2
3356365954,234,Kinanira,-2.428094,30.5261423,131.1509352163856,2
3356445308,235,Muzenze,-3.02327,30.7579157,105.58284465700027,2
3356448364,236,Bunyerere,-3.2939541,30.7063804,90.92730809296017,2
3356507644,237,Gatimbiri,-3.6187516,30.2849483,47.43363045886321,2
3368526437,238,Mpinga,-3.7366905,30.1743126,45.324897196620164,2
3371825021,239,Jene,-2.8526694,29.6105985,71.81235661773579,2
3376660148,240,Korineza,-2.9784708,29.7390686,53.38002406092302,2
3376660149,241,Rukago,-2.9873336,29.7271392,52.92444058470223,2
3517566307,242,Bugoma,-2.4320981,30.4303527,125.4317859045966,2
3517578468,243,Kabanga,-2.5103763,30.3122463,111.87233655204993,2
3520105087,244,Musave,-3.8366896,29.3934089,71.81389086212619,2
3520161448,245,Banga,-3.1206152,29.6103184,47.244116518958535,2
3537197249,246,Gahandu,-4.1401748,29.6755686,82.04467610255645,2
3538923752,247,Bwatemba,-4.0818918,29.6361319,77.47887606762212,2
3539247741,248,Kajabure,-3.9831896,29.564168,71.33854645736285,2
3547691719,249,Mugoyi,-3.4635087,29.5607997,37.8394249089429,2
3561062623,250,Bukeye,-4.3001452,29.9149764,95.86960688827435,2
3580749007,251,Minyare,-3.2182246,30.4910928,69.86267092308275,2
3584496967,252,Muhama,-4.190561,29.9616822,84.01713009914921,2
3596514918,253,Nyamutobo,-3.4662387,30.2597128,40.13657601694412,2
3596566587,254,Kizenga,-3.9896767,30.0366428,63.36841752267596,2
3596610318,255,Nyankanda,-3.9765801,30.1626772,66.787225628249,2
3596610319,256,Rubaho,-3.854579,30.2203968,58.62678175441899,2
3628906102,257,Birambi,-2.7874155,29.9001266,71.42033118675337,2
3629250112,258,Rukeco,-2.9051429,29.752076,60.67264428776432,2
3629282046,259,Rwegura,-2.9175406,29.52884,70.38819589845963,2
3631745497,260,Mihigo,-2.8496427,29.7444955,66.81393467956332,2
3632962719,261,Mutwenzi,-2.5668347,30.0639819,97.53019491048532,2
3633023279,262,Bukuba,-2.6846254,30.0793169,85.1524340506708,2
3633025533,263,Mudida,-2.6886465,30.072168,84.53675947482577,2
3633025534,264,Muramba,-2.6874626,30.0349093,83.82519168833538,2
3655682732,265,Nyabigina,-4.3616603,29.6644035,105.93974590810555,2
3658768595,266,Nyabibondo,-3.4432636,29.4846463,46.1674384226018,2
3666084513,267,Remesha,-3.1904428,29.4060874,61.10791598774688,2
3916812977,268,Nyakuguma,-4.0040795,29.8679016,63.21684097228386,2
3917219048,269,Rweza,-3.2971295,29.609602,35.61154835939939,2
3918860880,270,Micokora,-2.917874,29.5146825,71.29239043080291,2
3922117073,271,Rugazi,-2.844538,29.4928692,79.28700147444988,2
3923300957,272,Giko,-3.2072952,29.6447293,37.80700629232974,2
3925605162,273,Martyazo,-3.2797869,29.4562589,52.152789986767026,2
3925605212,274,Gitaramuka,-3.4690726,29.3674696,59.3062866151189,2
3927408367,275,Gitsiro,-4.0070518,29.5592609,73.87812366263249,2
3927496629,276,Benga,-3.3202204,29.4417833,52.433268967693365,2
3927500972,277,Bugeni,-4.060291,29.6478121,74.77767315251597,2
3927523646,278,Bunywera,-2.5008707,30.3768694,115.93611370964435,2
3933130951,279,Rwisabi,-3.0950977,29.8693602,37.55241066892379,2
3933131172,280,Murongwe,-3.2065023,29.8954044,25.0840362092267,2
3933131173,281,Kibungo,-3.2376153,29.8954373,21.644370021295085,2
3933131174,282,Kibimba,-3.2960969,29.7986001,18.898605183481727,2
3933147233,283,Mutara,-3.1921816,30.1908788,41.903448491077576,2
3934196507,284,Ryamukona,-2.8176743,29.5925142,76.17275841143062,2
3934272769,285,Mivo,-2.9413812,29.794818,55.63738219039081,2
3934272770,286,Kabere,-2.9342474,29.7697527,57.05139314563693,2
3936254568,287,Kaburantwa,-2.996666,29.2218435,89.51182845137689,2
3936437700,288,Shinge,-2.9731284,30.5675261,89.96598831068958,2
3936437701,289,Buhoro,-3.0294739,30.7252526,102.01380476925853,2
3936437702,290,Rubangabanga,-2.991138,30.8229015,113.63299057121036,2
3936437703,291,Kabagari,-3.0424537,30.789315,107.87679536480249,2
3936437704,292,Kamonyi,-3.0418839,30.735674,102.46882391336909,2
3936437705,293,Giseke,-3.0605168,30.7164974,99.670614910205,2
3936437706,294,Gishungo,-3.0694922,30.6816656,95.7376786002874,2
3936483200,295,Kageyo,-3.3359293,30.5615617,74.30137334928956,2
3937838003,296,Gacokwe,-3.4312664,30.5527194,72.53127426779555,2
3937838006,297,Buhonga,-3.64659,30.3294867,53.22993603215358,2
3938702043,298,Sigu,-2.4102624,30.3630382,124.28659616663113,2
3938702044,299,Ngara,-2.4661805,30.3986609,120.45630439173385,2
3938702045,300,Bukobe,-2.5022442,30.4640199,120.54458290292412,2
3938702049,301,Murambo,-2.4628024,30.1293772,110.30304538365147,2
3944599576,302,Bamba,-2.9886581,29.4139019,73.05089300608864,2
3944599577,303,Ntamba,-2.9831984,29.4366357,71.62075317833754,2
3944599590,304,Mukugu,-2.9987689,29.4670001,68.0062210008574,2
3944623108,305,Yandaro,-2.8395623,29.5886781,74.21542927858373,2
3944623109,306,Kavoga,-2.9098218,29.5686167,68.61017519086805,2
3944650007,307,Rwamiko,-2.9754205,29.6039722,60.382901735833244,2
3944650568,308,Murangara,-2.9989761,29.5834189,59.536847311542836,2
3945666847,309,Kigarama,-2.8534633,29.9054769,64.11985456256417,2
3945671117,310,Ruyenzi,-2.8187495,29.8066916,68.74243654363426,2
3945671118,311,Kiziba,-2.8355377,29.8138705,66.78883144071756,2
3945671119,312,Mureke,-2.9753579,29.8716228,50.7363371683817,2
3945671120,313,Nyamugari,-2.7889886,29.9202326,71.28186814511604,2
3947725699,314,Kivoga,-3.8846892,30.1198753,55.57052125354779,2
3948404674,315,Muramba,-2.9891644,30.3547679,70.47541087180325,2
3953663957,316,Rutongo,-3.6406238,29.4573194,54.26615290297693,2
3954178843,317,Mubogora,-3.0679786,29.8162619,41.45466816004618,2
3954396477,318,Ruziba,-2.7022023,29.0994907,120.22429167096577,2
3954396478,319,Maranvya,-2.6884332,29.0964437,121.50252597262356,2
3954396479,320,Mitakataka,-3.1362637,29.3642411,68.00152359423024,2
3955088680,321,Nyamakarabo,-2.6536835,29.0886238,124.7674136880371,2
3955088681,322,Magongwe,-2.5999185,29.0864888,129.11446639808022,2
3955160851,323,Mayuki,-2.743656,29.2155269,107.72349011422926,2
3955235270,324,Mumbanza,-2.767841,29.0409183,120.55549182157814,2
3955235271,325,Miduha,-2.7926934,29.0496548,118.11863685232156,2
3955235493,326,Murambi,-2.9111906,29.1417398,102.15847748253616,2
3955235494,327,Ruhagarika,-2.9499854,29.1760075,96.60058684238737,2
3955268659,328,Muyange,-3.1313923,29.3348839,71.12726677974928,2
3956104315,329,Misaba,-4.0908122,29.8728651,72.76953742886948,2
3978330677,330,Buringa,-3.2720348,29.3178957,67.10222419119886,2
3983203267,331,Kibumbu,-3.530804,29.7466248,20.16653661568704,2
3983908560,332,Ntita,-3.6807721,29.8775542,27.47850874975064,2
3984134721,333,Mukindu,-3.1594214,29.2541413,77.90584306836557,2
3984242544,334,Rukaramu,-3.2924911,29.3050782,67.92185306613455,2
3984570105,335,Gihumgwe,-3.1363547,29.2964681,74.6809942377101,2
3999208766,336,Murengeza,-3.209257,29.3688006,64.02181853560556,2
3999457049,337,Muzinda,-3.2617773,29.420758,56.53499073376006,2
4000005878,338,Murago,-3.2507386,30.696341,90.77173234447523,2
4000071718,339,Camazi,-3.2001609,30.771806,100.25861606946772,2
4011259311,340,Buye,-2.8639782,29.818306,63.6057652131735,2
4011401484,341,Gisuka,-2.8256855,29.9447461,67.3723912597005,2
4011570304,342,Bahizi,-2.5329912,30.2237361,105.8591994904028,2
4011570306,343,Murambi,-3.6171769,29.8286571,21.823381857982362,2
4011570307,344,Bartye,-3.5240144,30.1718853,31.83253881431623,2
4020100752,345,Muterama,-4.3372084,29.8143479,100.40530945859362,2
4020100753,346,Gahororo,-4.2196808,29.8066961,87.57276385726045,2
4020100754,347,Mivo,-4.2312055,29.7919127,89.0448159516117,2
4020100755,348,Musaswe,-4.2812041,29.873911,93.8054244551907,2
4020100756,349,Nyabigina,-4.1293788,29.8496011,77.17509275751196,2
4020100757,350,Mahinda,-4.1043302,29.8959755,74.20325270770887,2
4020419658,351,Bigomogomo,-3.9396505,29.8144992,56.79159083173107,2
4023536135,352,Kabebe,-3.2521772,30.8185698,104.02805155787684,2
4023536136,353,Murore,-3.1881445,30.6621024,88.92875266392622,2
4023536138,354,Mwaka,-3.6521496,29.9347255,24.505702775477108,2
4023536140,355,Nyamagandika,-3.6377383,29.9703832,23.920881514147034,2
4023536141,356,Nyabitanga,-3.6579245,29.9018392,24.839486235677512,2
4023720075,357,Rubande,-3.4804853,29.9290538,6.135691558251385,2
4023720076,358,Songa,-3.4662307,29.9531866,6.941801875366525,2
4023720078,359,Bitare,-3.2645515,29.9043267,18.666076711355213,2
4023809914,360,Teka,-3.1331744,29.8736287,33.31642869811969,2
4023809915,361,Nyangungu,-3.1019063,29.89702,36.646311565368755,2
4023809917,362,Kidahanwa,-3.0634327,29.908262,40.909435755465424,2
4023809920,363,Nyamugari,-3.0117966,29.8931612,46.615111658802434,2
4023809926,364,Mutobo,-3.0115238,29.9132322,46.66226182033256,2
4023809928,365,Nzunga,-3.0075473,29.9734142,47.78066007364377,2
4023850408,366,Gasuru,-2.8621086,30.2858826,76.34794716922107,2
4024236726,367,Nyeshanga,-3.2044516,29.3215275,69.08916144713292,2
4024236729,368,Murira,-3.181736,29.3264765,69.54441580735653,2
4024236732,369,Rugunga,-3.1241672,29.3149693,73.45754498718696,2
4024236733,370,Randa,-3.1595075,29.3644712,66.77458397418775,2
4024853760,371,Burarana,-3.5994544,29.9523109,19.27054399383571,2
4025902759,372,Ramba,-3.5090664,29.3438912,62.358310107925135,2
4025902777,373,Kibingo,-3.6463726,29.3374504,66.79734146530272,2
4025902778,374,Kashi,-3.6751153,29.330762,68.66646344399298,2
4025902779,375,Rutumo,-3.7353248,29.3259916,71.98976640801503,2
4025902780,376,Munege,-3.9006158,29.4006172,75.81635156769758,2
4025902781,377,Kibumba,-3.9589844,29.4540659,76.37476786741965,2
4025902782,378,Rukinga,-3.9460261,29.449966,75.59059097035633,2
4025902797,379,Kayabazi,-4.067063,29.4938421,83.34786540607823,2
4025902798,380,Maguruka,-4.2376122,29.5487862,97.11910069411535,2
4026118883,381,Mukarimbi,-4.3168466,29.6613522,101.23354327598908,2
4026119105,382,Gitaba,-4.0387317,29.762199,68.675745872669,2
4026119106,383,Burenza,-4.0379339,29.7279934,69.53645802541165,2
4026119147,384,Ndago,-3.8826301,29.6511277,56.86088062901789,2
4026236271,385,Buta,-3.8443955,29.9747052,46.20984648796461,2
4027224482,386,Kayange,-3.1025928,29.4672018,60.42341866926642,2
4028111475,387,Gitohwe,-3.4779725,29.5996768,33.735070418226385,2
4028111700,388,Mpumbu,-3.49406,29.6007853,33.92005540961667,2
4028111706,389,Ruko,-3.6180121,29.5925594,39.8004808462809,2
4028111707,390,Ntentamaza,-3.6565207,29.5981061,41.6459981453646,2
4028111728,391,Musasa,-3.7991203,29.7290412,44.68900414325057,2
4028201522,392,Muyaga,-3.2468798,30.5472882,74.82955183718947,2
4028201523,393,Mutobo,-3.1188458,30.5512193,80.29509207117302,2
4029826747,394,Gikurazo,-4.2175528,29.8271904,87.09833466585748,2
4029826748,395,Kabanga,-4.2210597,29.8483734,87.2984028438857,2
4033535645,396,Cimabare,-3.9857052,29.5421777,72.87885456858318,2
4033535646,397,Gwiti,-3.1322385,30.7079596,95.76745941747286,2
4033946617,398,Ruyaga,-4.006987,29.6936082,67.45370106164142,2
4033946628,399,Muremera,-3.3318803,29.900942,11.215290508569778,2
4033946633,400,Rukoma,-4.0983476,29.7239289,76.09663846181277,2
4033946644,401,Ruhehe,-3.0972917,30.789132,105.57220011454277,2
4033946646,402,Butemba,-3.7690221,29.9905126,38.46157853545664,2
4033946647,403,Bigoti,-3.8091062,29.5519114,56.76661161463454,2
4033946648,404,Nkuba,-4.1766636,29.781792,83.24256143811336,2
4033946649,405,Nyetongwe,-4.1478024,29.7845452,80.04308954424509,2
4033962748,406,Ninga,-3.2390602,29.3165223,68.30780275696553,2
4034626372,407,Gahama,-4.0170856,29.66178,69.76782673023303,2
4034687383,408,Gisenyi,-4.2060264,29.7626143,86.79939589648274,2
4034687408,409,Kaganza,-4.0849896,29.5956591,79.59891111426548,2
4034687409,410,Kanyinya,-4.1946756,29.7598607,85.6191506313124,2
4034687416,411,Rubindi,-4.2590371,29.5655467,98.57662694695048,2
4034687425,412,Rukina,-3.5263097,29.5170121,43.7811108451478,2
4034744420,413,Muyebe,-3.4932621,29.7916392,13.745696341297494,2
4039275661,414,Mariza,-3.7796447,29.4050991,67.007202174519,2
4039277337,415,Bubera,-3.918326,29.5030809,69.43256799129553,2
4039277346,416,Ruhora,-3.8201367,29.5054468,61.24702673977062,2
4040582588,417,Cewe,-3.8108157,29.5169565,59.61236680237234,2
4041376355,418,Mubanga,-3.8657525,29.7025471,52.61129498562406,2
4041382006,419,Mwurire,-3.7598448,29.6468929,45.76700938419248,2
4041382019,420,Kiruri,-3.7916677,29.6081538,51.20234702816768,2
4041382020,421,Kigutu,-4.0491938,29.5423064,78.84830467284674,2
4041921782,422,Nyagatovu,-3.5622152,29.594594,36.80730005191528,2
4042146746,423,Itwe,-3.5452685,29.6241708,33.05502073064703,2
4042146751,424,Musimba,-3.3244154,29.620592,33.302560543779855,2
4042146753,425,Nyamirambo,-3.1563444,29.6183537,43.791182169400976,2
4042146754,426,Mpinga,-3.1353012,29.5910705,47.58828731363051,2
4042146761,427,Mparo,-3.1403114,29.6239469,44.61936772394118,2
4042146890,428,Butwe,-3.0597411,29.6740772,48.34027021033398,2
4042146909,429,Giytwenge,-3.0376445,29.6962782,49.26253472383068,2
4042146910,430,Gahororo,-3.0272299,29.7255517,48.909569819189734,2
4042180033,431,Musama,-2.9541808,29.6745985,58.60472490062191,2
4042180034,432,Kigarama,-2.9418892,29.7248225,57.72210911381322,2
4042180035,433,Kabuye,-2.8952425,29.6641365,65.01697294217196,2
4043294522,434,Kirehe,-2.8517836,29.5512867,75.08134750367468,2
4043294618,435,Kibaya,-2.9044685,29.5330092,71.29840884382706,2
4048144072,436,Gisha,-2.9311877,29.9573741,55.887445284278826,2
4048274348,437,Gakenke,-3.0142553,29.6391159,54.66146461997449,2
4048726354,438,Kabaribari,-2.9762688,29.6856656,55.87080758273685,2
4048949671,439,Canika,-3.0700872,30.7704068,104.74422998607423,2
4048949672,440,Kigeme,-3.0955151,30.7545731,102.0578294162681,2
4048998434,441,Muramba,-3.522215,30.3476361,50.70191191173262,2
4050110413,442,Kigari,-2.6371987,29.9531729,88.22903910933304,2
4050161206,443,Runyankezi,-2.6549901,29.9815165,86.53923425894357,2
4050161219,444,Karama,-2.6368593,30.0442953,89.51718930514456,2
4050161603,445,Giheta,-2.7227978,29.9672908,78.92082185484654,2
4053085944,446,Gisenyi,-3.1119341,29.6934969,42.30286838317758,2
4053085952,447,Burarana,-3.0821278,29.6431616,48.19483021274334,2
4053247509,448,Nyarurama,-3.1040814,29.7223547,41.413460730481425,2
4053287834,449,Kwibuka,-3.407351,29.9093794,3.052824228504673,2
4053287888,450,Gataba,-3.3388317,29.8844935,10.587302987181829,2
4053291504,451,Ntunda,-3.308702,29.9159673,13.89160385662902,2
4053726092,452,Mugutu,-3.3985623,29.9445632,6.267164603622001,2
4053726111,453,Gatwaro,-3.4681211,29.8717613,4.9671087330496455,2
4053791253,454,Nkubara,-3.1636709,30.2692285,50.72256856763974,2
4053791292,455,Rabiro,-3.2000119,30.2450147,46.21300164437492,2
4053811001,456,Rubavu,-3.0491489,30.2236228,55.660968674659806,2
4053811032,457,Bitare,-2.9635825,30.228516,63.490421789052256,2
4060191376,458,Kivungwe,-3.5565748,29.3961802,57.61709085508397,2
4060216214,459,Gasarwe,-3.5106595,29.4177078,54.26906699677993,2
4060218029,460,Mubone,-3.5075585,29.383519,57.974137261012245,2
4060299659,461,Kinima,-3.4960463,29.3683945,59.47670136750823,2
4060364277,462,Kiganza,-3.7207586,29.4727245,57.131332131491945,2
4060364287,463,Gisagazuba,-3.7228225,29.4480533,59.55086770324936,2
4065223379,464,Makombe,-2.5092003,30.5011228,122.09608163360575,2
4065224141,465,Ruyenzi,-2.5630174,30.3616347,109.06185619705737,2
4065224181,466,Gakoni,-2.5419289,30.3729097,111.7094720911032,2
4065285632,467,Cagizo,-2.6671857,30.3063279,96.00412499629174,2
4065285646,468,Kamaramagambo,-2.7102779,30.3062904,91.8243428546369,2
4065285677,469,Murehe,-2.71227,30.3378802,93.4133018889396,2
4065286607,470,Rukenke,-2.7493198,30.3548383,90.9754139124019,2
4065286616,471,Mugongo,-2.7299531,30.3302959,91.30538503589443,2
4065365165,472,Kayove,-2.3839712,30.4189506,129.58412173471473,2
4065365184,473,Vumasi,-2.4125487,30.4070345,126.16467651814982,2
4065365185,474,Murama,-2.398917,30.4809097,131.35254986991214,2
4066135686,475,Nyarungazi,-3.7854626,29.9601064,39.51009190520124,2
4069980234,476,Kayogoro,-3.5497945,30.4135227,58.4956956975377,2
4073266070,477,Remba,-3.6451001,30.2287422,43.38980322036951,2
4073266071,478,Gahama,-3.6841379,30.1924577,42.7224549944402,2
4073266072,479,Kwitaba,-3.7192944,30.1836365,44.64539264722181,2
4073266944,480,Kiyonga,-3.711439,30.1983795,45.22117159283904,2
4073467928,481,Nyamiyaga,-3.8328984,30.1327284,51.19572467336286,2
4073467953,482,Nyakazu,-3.9037703,30.1166434,57.32142445221298,2
4073468061,483,Gasunu,-3.8733581,30.2273393,60.74832199692488,2
4073590494,484,Murembera,-3.7914425,30.3026717,59.7474800013161,2
4073590495,485,Ruhongoro,-3.6326061,30.3818562,57.89739462071564,2
4073590496,486,Kabanga,-3.6397235,30.4064522,60.724693483543554,2
4073590500,487,Murehe,-3.4826697,30.3549504,50.847165811680746,2
4073590501,488,Mwegereza,-3.486524,30.3637956,51.87097857212124,2
4073590502,489,Kigarika,-3.4547677,30.2804411,42.34113050159468,2
4119085435,490,Nyantakara,-4.1746885,30.0207499,83.07201579153342,2
4119108949,491,Nyamure,-3.8027522,29.9736341,41.664558443001454,2
4128138223,492,Murara,-3.8243198,29.4781306,63.76705472737081,2
4174563720,493,Gisanze,-3.9835023,29.6449966,67.11228744066646,2
4234575382,494,Biganda,-3.2557364,29.5852823,40.10940741822277,2
4293260557,495,Busaga,-3.8503575,29.4301019,69.65684791335424,2
4309298025,496,Gasegerwa,-2.8277298,29.8736255,67.02664080088506,2
4309378780,497,Butanganika,-2.9534987,29.8674852,53.17827936005472,2
4346168954,498,Kagari,-2.790997,30.1094325,74.74217529604933,2
5435758774,499,Karimbi,-3.384465,29.6035876,33.37820527285344,2
5435784221,500,Yanza,-3.3906022,29.6040763,33.221292674561084,2
5435788869,501,Kugatongo,-3.4158722,29.5892061,34.58977578975829,2
5435832226,502,Rucunda,-3.3762926,29.5897818,35.04440373307289,2
5435832306,503,Namande,-3.3813331,29.6106695,32.66105376883901,2
5518611832,504,Komonanira,-4.4455289,29.6887159,114.36483108874577,2
5592675201,505,Mwivuza,-2.4775,30.515,125.87617403496277,2
5667079986,506,Gasanda,-3.9450413,29.5584963,68.12812449491717,2
5667968927,507,Kayero,-3.810759,30.1200597,48.372066596166846,2
5669733090,508,Burwana,-2.6584994,30.191193,91.58647747242848,2
5673616513,509,Biyorwa,-3.4721693,30.1121603,23.963595884006416,2
5675805082,510,Shanga,-3.8102479,30.0673383,45.64043977689923,2
5676015076,511,Gatobo,-2.8601663,29.9527111,63.64601496198795,2
5678080743,512,Bugendajoro,-3.0331744,30.6172299,91.17096068186608,2
5678080962,513,Nyakirera,-3.172721,30.567724,79.60582444447901,2
5678081002,514,Karago,-3.1759547,30.5358093,76.17586177101276,2
5686164193,515,Buziragahama,-2.8052973,29.7791764,70.7297786466307,2
5703333820,516,Rurama,-2.8052294,29.8958024,69.45209092546291,2
5709916812,517,Busoro,-3.2515901,30.4317823,62.42010543398887,2
5735133282,518,Nyamugari,-3.3318135,30.5566645,73.83090766418194,2
5739896619,519,Rukamba,-3.1574454,30.1084182,38.301155046760215,2
5775277661,520,Buhororo,-3.416626,29.5663303,37.12385531699552,2
5775277678,521,Mparamirundi,-2.8428231,29.6617253,70.46062327699998,2
5775331028,522,Muhaganya,-3.4561347,29.7712706,14.525523088382151,2
5775377783,523,Butanuka,-3.1427445,29.4359559,60.76191494021283,2
5775819838,524,Buvumbi,-2.7006251,30.2488911,89.82159440719585,2
5775878667,525,Kibuye,-3.3918768,29.5092433,43.66314199498546,2
5775878749,526,Carubambo,-2.5614259,29.9638019,96.67005843578849,2
5775880556,527,Ceru,-3.4522634,29.9679847,7.84008606506761,2
5777155326,528,Bigwana,-3.246518,29.7458554,26.833482581725775,2
5777187254,529,Munanira,-3.2781013,29.7767371,21.958142367004324,2
5777187256,530,Bihunge,-3.1077032,29.5968835,49.30684482868502,2
5777211966,531,Bitezi,-3.7437647,29.7405932,38.62981981761068,2
5777280061,532,Biziya,-3.5744976,29.788761,19.913560379212704,2
5777280062,533,Cunamwe,-4.0808877,29.8098228,72.30684738303802,2
5777280084,534,Gahera,-3.5696281,29.7382196,23.460337318490645,2
5777280105,535,Gahosha,-4.1064569,29.8073728,75.1448047531381,2
5777280141,536,Gahweza,-3.3742942,29.6697008,26.410527236316593,2
5777280143,537,Gakuba,-3.7458677,29.8050008,36.138936410398884,2
5777801944,538,Gasasa,-4.1296402,29.8731413,77.05846074771043,2
5777802375,539,Gasenyi,-3.6836877,29.6593323,38.49166696747823,2
5777802516,540,Gasongati,-3.1441622,29.968322,32.86154125136093,2
5777914496,541,Gatabo,-2.9120756,29.8781324,57.68701481244452,2
5777914497,542,Gatagura,-3.1621718,29.4288833,60.33427860521198,2
5781410124,543,Gitubwe,-2.9668183,29.9671391,52.11947253238931,2
5781424560,544,Kibezi,-3.7113202,29.5610914,48.610511244380405,2
5781426198,545,Gitwa,-3.8583815,30.1161938,52.785797642683406,2
5781447549,546,Gitwe,-3.0274239,29.5931389,56.369215467866816,2
5781447550,547,Gitwenzi,-2.5908356,30.0363066,94.38177793075916,2
5782889661,548,Muhindo,-3.4746503,30.5307919,70.24171107524751,2
5782889662,549,Murehe,-3.4611825,30.5165399,68.57889280426406,2
5782889671,550,Miciro,-3.2607123,30.6942407,90.30426088213075,2
5783038715,551,Gwingiri,-3.3368767,29.9209957,10.914603943914816,2
5783038720,552,Gwiyange,-2.9925262,30.1254441,54.80349965728381,2
5783777559,553,Ibuga,-3.5295904,30.4538474,62.45529941428233,2
5783777575,554,Janja,-3.531856,29.9334478,11.514459103699284,2
5783777577,555,Jenda,-4.0440899,29.8076744,68.31476700101082,2
5783777620,556,Kabasazi,-2.8683637,29.7772341,63.94232011260604,2
5783777640,557,Kabogo,-2.572006,30.4605873,113.81647542006792,2
5783941471,558,Kabuga,-3.0858507,29.7342193,42.60974479485542,2
5783941472,559,Kabumbe,-3.7443063,29.9250788,34.50333890866517,2
5783941474,560,Kagoma,-2.8439218,29.84177,65.49264647602925,2
5783941494,561,Kavumu,-3.4119923,29.7625936,15.449631532231562,2
5783941495,562,Nyakarambo,-3.6829809,29.8431976,28.32148254626051,2
5783943062,563,Kibande,-2.874599,29.9838308,62.478576315206475,2
5784356173,564,Kibezi,-3.6991242,29.5120626,52.17094157086745,2
5784356174,565,Kiganda,-3.9659688,29.5355882,71.47189166182439,2
5784356183,566,Kigoma,-2.7675364,29.9870374,74.25150128014334,2
5784356209,567,Kigutu,-3.505165,29.7059669,22.97822355063292,2
5784356210,568,Kinyovu,-2.8246264,29.9143174,67.32447455364398,2
5784436688,569,Kirama,-4.0659412,29.7834635,71.14448587392708,2
5784436695,570,Kiremera,-3.3741491,29.900916,6.541591450094805,2
5784436700,571,Kirombwe,-3.388863,29.4414651,51.19042279063036,2
5784436705,572,Kirumura,-2.8737174,29.3902153,83.90198430152529,2
5784436708,573,Kivuzo,-3.0661766,29.8243772,41.45664346204585,2
5784489048,574,Kumana,-3.4353432,30.5421646,71.35827066489638,2
5784489049,575,Mbariza,-3.8727391,29.5908115,59.50722249601908,2
5784489050,576,Mbizi,-4.2036769,29.7105284,87.74873668009533,2
5784489467,577,Migezi-Nete,-3.2214336,29.7806271,26.92311614860263,2
5784574784,578,Mihama,-3.8337438,30.1024388,49.66471943399525,2
5784574785,579,Mihigo,-2.6280552,29.9870763,89.56647168340756,2
5784574787,580,Mirehe,-3.4250928,29.8707493,3.374700884851756,2
5784574791,581,Mpehe,-3.299892,29.5604134,40.518672881483624,2
5784574793,582,Mpota,-3.6951769,29.5622224,47.40238827783802,2
5784574796,583,Mubanga,-4.1885821,29.7157161,85.99026252330646,2
5784574798,584,Mubanga,-3.6409351,29.3722067,62.97698113201282,2
5784574799,585,Ciya,-3.0346374,29.4150764,69.62833511206018,2
5784574802,586,Mufunya,-3.0817805,29.7045492,44.52826710953006,2
5784574803,587,Mugano,-3.7651267,29.8745218,36.80197305973715,2
5784643177,588,Mugerero,-3.4803214,30.1094576,23.84829108207842,2
5784643179,589,Mugogo,-3.0812616,29.9582627,39.46254561111991,2
5784643229,590,Muhago,-2.9951505,30.1633077,56.602360728927344,2
5784643247,591,Buororo,-2.7154922,29.1915915,111.8084582386136,2
5784643248,592,Muhoroge,-2.9872747,29.2631671,86.26987880426151,2
5784761537,593,Muhwazi,-3.632126,30.2524217,44.90741214032633,2
5784761539,594,Mukanda,-3.4619896,30.0423419,16.13195767743612,2
5784761540,595,Mumuri,-3.5169736,29.9603918,11.429760495517048,2
5784761541,596,Munguko,-2.5378518,30.0082937,99.74543475413658,2
5784761542,597,Munyange,-2.8327909,29.698731,70.07022610784763,2
5784761960,598,Munyinya,-3.1441365,29.6629932,41.427260705727974,2
5784761962,599,Murambi,-2.9068117,29.7142832,61.769145682049995,2
5819022504,600,Ndora,-2.913079,29.3840366,81.22823966711339,2
5859256105,601,Misugi,-3.3210218,30.6466907,83.90151886625911,2
5859256133,602,Buhinda,-3.6064263,30.0850327,28.0922152697794,2
5859256134,603,Muvumero,-3.6635249,29.963819,26.426978727159643,2
5859256135,604,Muyogoro,-3.8569948,29.7926545,48.34560085396986,2
5859256144,605,Nyangwa,-3.6425432,29.7618196,27.768214508091,2
5859256162,606,Uwimpfizi,-3.6104021,29.785359,23.361781598784077,2
5861480502,607,Ntabandwa,-3.1427381,29.8420963,32.767856248421815,2
5882259846,608,Gihango,-3.356332,29.9738002,11.819242814910154,2
6046974518,609,Miremera,-2.6367931,29.1960582,117.81679401203465,2
6046974519,610,Muhungu,-2.7821402,29.2496804,102.02917142991782,2
6046974520,611,Nyamitanga,-3.0654106,29.2636065,81.59407523158778,2
6047236340,612,Kavumwe,-3.4468211,30.5805429,75.63687115560074,2
6047236341,613,Nyabigozi,-3.4063544,30.4544002,61.67839214657734,2
6047236342,614,Ruyaga,-3.3693741,30.5120379,68.3788840490076,2
6047296563,615,Twinkwavu,-3.2623587,30.6548429,85.98954570134786,2
6049214672,616,Budatyora,-3.6297238,30.0402835,26.73421432683711,2
6049327271,617,Vyuma,-3.8034288,30.0320119,43.476813719417855,2
6051212892,618,Karunga,-3.3298636,29.4535263,50.91657080855852,2
6051287653,619,Bubanza,-3.5351317,29.4679076,49.31477234498943,2
6051298034,620,Buhororo,-2.7175849,29.1685858,113.46248193875445,2
6051303827,621,Buhayira,-2.9441268,29.3071869,85.24901316840857,2
6051338071,622,Masango,-2.9309378,29.4237947,76.72905940241675,2
6054509714,623,Taba,-3.3422141,30.4326943,60.04707555639069,2
6055237516,624,Gihango,-2.8997913,29.3770515,82.81862971027117,2
6056017655,625,Buhumba,-3.2986714,29.3520327,62.68819981995106,2
6060824479,626,Intende,-3.4368335,30.488756,65.42421713241065,2
6060886355,627,Masaka,-2.358553,30.4295517,132.62598048511168,2
6060886356,628,Ngomo,-2.3559533,30.3942146,131.1903579929847,2
6060886388,629,Kidasha,-2.4099302,30.422339,127.19156686007987,2
6060886389,630,Shoza,-2.5435179,30.4776232,117.48988595331859,2
6060886409,631,Mika,-2.5562814,30.4448402,114.33872275068721,2
6060886410,632,Ndava,-2.5581855,30.4325251,113.43975507439104,2
6060886411,633,Mukoni,-2.6008954,30.4405623,109.92415374997839,2
6061059690,634,Gatwenzi,-2.6984523,30.2927976,92.2458875509182,2
6061059691,635,Nyamihondi,-2.7769011,30.2444252,82.06118941362033,2
6061059698,636,Nyamirambo,-2.9091058,30.3075333,73.56415958179359,2
6061059699,637,Kayenzi,-2.8955689,30.356728,78.18411676587314,2
6061059700,638,Nkoyoyo,-2.880625,30.405172,82.99240242026856,2
6061059701,639,Nyamarumba,-2.8416096,30.3949807,85.48593104613927,2
6061059702,640,Cibari,-2.8270549,30.3638576,84.57169340284771,2
6061059703,641,Ruyivyi,-2.757634,30.3783457,91.70242487479172,2
6061059705,642,Ryabihira,-2.6737098,30.5109528,108.01527596010843,2
6061059706,643,Gitongwe,-2.8142953,30.3306398,83.52510556719895,2
6061059707,644,Burima,-2.8200738,30.3241009,82.5851837069596,2
6061138950,645,Kaguhu,-2.8331961,30.1890405,73.72648047783927,2
6061196517,646,Gikingo,-2.7349572,30.1885517,83.61752219899618,2
6061196518,647,Burambira,-2.729687,30.1492019,82.58796467550947,2
6061208718,648,Nyagatovu,-2.7500656,30.177261,81.5948186545358,2
6061208719,649,Musama,-2.7069072,30.2250335,88.07476043971356,2
6061798366,650,Gatakazi,-3.6607903,30.1087028,34.212661788156446,2
6061798367,651,Kagunga,-3.6586773,30.1243435,35.24798876385838,2
6061798368,652,Yove,-3.6774925,30.1143915,36.007491059934445,2
6061798369,653,Mungwa,-3.7467125,29.9956436,36.24921226851266,2
6061843305,654,Rurimbi,-3.6446636,29.9065934,23.38374978667541,2
6066768716,655,Musumba,-3.5586288,30.3449861,51.3495521635783,2
6066768717,656,Munazi,-3.5166273,30.3604085,51.981990119577596,2
6067426033,657,Ruveri,-3.5863516,30.4351741,61.82580933100932,2
6067426034,658,Nyamigina,-3.5935003,30.3918449,57.4490970326664,2
6068329522,659,Nyarucamo,-3.2042273,29.6874169,34.63783278144223,2
6069024778,660,Nkonyovu,-3.2927395,29.7224408,25.118385673119814,2
6069024779,661,Nyarunazi,-3.2948178,29.7784224,20.42137042994972,2
6071744890,662,Gaharo,-3.1714256,29.6601838,39.35576931004418,2
6083614296,663,Rubirizi,-3.3019806,29.3978528,57.661266813280285,2
6813955725,664,Gatanga,-4.4059227,29.7765453,108.42253284498237,2
6813964104,665,Nyankara,-4.1871,29.8260811,83.75799051962899,2
6814023769,666,Kinoso,-4.1025157,29.8690875,74.08088129184037,2
6822912756,667,Kagurutsi,-2.6425066,29.1416089,121.46521559152404,2
6828134629,668,Kiri,-2.3532691,29.9857207,119.80637169343642,2
6828134632,669,Rubuga,-2.4032354,30.0080515,114.53334125625219,2
6828134633,670,Rugasa,-2.4762057,29.9991312,106.40510272474167,2
6828134634,671,Nyamabuye,-2.4513207,30.0636412,110.09798814730111,2
6828134635,672,Gitwe,-2.473258,30.076037,107.94761185483226,2
6828354836,673,Bugongo,-3.7031179,30.3445537,57.70421239363792,2
6828354837,674,Murara,-3.7310004,30.3329356,58.28675971322515,2
6829102880,675,Rurira,-2.5226725,30.2668257,108.63888492996543,2
6829102881,676,Nyabugeni,-2.5064059,30.2443921,109.41078522729062,2
6830828128,677,Nyarurambi,-3.1327304,30.4700443,71.54246395511639,2
6830828129,678,Kivumu,-3.1030011,30.4773037,73.82851757929127,2
6830828130,679,Rjungu,-2.9239385,30.5778708,94.07025984872868,2
6830828131,680,Mashiga,-3.004118,30.6445017,95.39081560114403,2
6830828136,681,Kibungo,-2.9965679,30.5464707,86.57324296445513,2
6830828137,682,Rwamvura,-3.0275686,30.5557844,85.58771536932633,2
6830828138,683,Rusagara,-3.0387709,30.5812816,87.3882567303918,2
6830828139,684,Rusagara,-3.0590588,30.5911794,87.25645311469405,2
6830828140,685,Nyabigugu,-3.0779472,30.6124149,88.39258557747543,2
6830828141,686,Gitanga,-2.9973174,30.6184036,93.2724959378194,2
6830828173,687,Saswe,-2.9894172,30.5862545,90.70249319261885,2
6830949991,688,Mburi,-3.1613477,30.8404249,108.7556095844424,2
6830949992,689,Ruramba,-3.1472421,30.8031598,105.24075033246093,2
6830949993,690,Nkoro,-3.2076314,30.8235752,105.63026710309686,2
6830949994,691,Gisoko,-3.1836638,30.8084642,104.66791924608766,2
6831202574,692,Buheka,-4.2139807,29.6221476,91.67775767001397,2
6831202575,693,Gasaba,-4.380054,29.6689754,107.78982329612992,2
6831653920,694,Kigaza,-4.1516412,29.9280864,79.49479799315937,2
6842041422,695,Remesha,-3.7516838,30.3735973,63.30963088778321,2
6853806531,696,Narunyazi,-2.9981398,30.377497,71.63813348411722,2
6853806578,697,Kiyange,-2.9562456,30.4030965,76.87349228940255,2
6853806886,698,Karongwe,-2.9241974,30.3609748,76.12088785455424,2
6853806887,699,Mabago,-3.0389479,30.3297571,64.67595827712,2
6853806900,700,Shori,-3.0146671,30.3802256,70.6521037458783,2
6853937672,701,Maranvya,-3.299544,30.0795819,24.84005099374466,2
6855520191,702,Kinyovu,-2.5147623,29.9555827,101.75719080985097,2
6856284598,703,Nyembuye,-3.9562629,30.0909459,61.59630263506019,2
6858598335,704,Mugomera,-2.9812776,29.9003927,49.98364228087616,2
6859130155,705,Nyungu,-2.8133128,30.248491,78.74343619978313,2
6859161311,706,Kagozi,-2.8418976,29.7656043,67.08038821484475,2
6859179214,707,Murima,-2.8912492,29.609359,68.09007925196369,2
6867615076,708,Muyaga,-4.1011138,30.0117832,74.8828774245827,2
6873401302,709,Kananira,-2.9402476,30.1280119,60.12295265177107,2
6873401348,710,Kiyanza,-3.0918211,30.3386397,61.66381465639967,2
6873401449,711,Rugongo,-2.9990217,30.3215367,67.09061925197022,2
6873493051,712,Kirambi,-3.320368,30.4706745,64.63543783399926,2
6873665211,713,Kirambi,-3.4400915,29.8430382,6.37402719854017,2
6887360771,714,Ngina,-3.8734646,30.0489669,51.409443752128084,2
6887366736,715,Rongero,-3.9529901,29.996405,58.4561631331895,2
6894159803,716,Bucana,-2.6321576,30.255572,97.00637940310109,2
6894185370,717,Shango,-2.9446529,29.8350459,54.51365428544333,2
6896675334,718,Rushiha,-2.963974,29.3944748,76.4875271968059,2
6898234617,719,Dusenga,-2.8913874,29.2407476,94.6585568333099,2
6903998052,720,Rugongo,-3.4552621,30.1645496,29.49682965032348,2
6903998053,721,Kabuyenge,-3.3989681,30.6501441,83.44466783665645,2
6903998056,722,Gashirwe,-3.3622088,30.587047,76.75181116597514,2
6904063095,723,Mayuyu,-3.5769519,29.5080873,46.35320458622083,2
6910645528,724,Nyakayi,-3.3312062,30.3122639,47.18405275664938,2
6910659569,725,Miguruka,-3.286397,30.6898042,89.26101943065966,2
6910676606,726,Dutwe,-3.442481,30.3141944,46.03668236297317,2
6910676607,727,Bikobe,-3.4976325,30.3220478,47.433282415071886,2
6913005788,728,Kizuga,-3.7605828,29.5455787,53.48157981033531,2
6917106271,729,Ruranga,-4.0273841,30.0143882,66.91084410173809,2
6925672722,730,Gisikara,-3.6676659,30.0471167,30.640059623962532,2
6960024757,731,Kidasha,-2.6966578,29.9804502,81.94546756026757,2
6970380700,732,Gakana,-2.5870456,30.1672046,98.17792844562854,2
6996339054,733,Rusamaza,-3.174161,30.0202583,31.618592380701568,2
7003551633,734,Vyanzo,-2.4239898,30.2509761,118.23096058591547,2
7021497368,735,Rusi,-3.2184319,30.0663551,30.105034266312796,2
7103331350,736,Buruhukiro,-3.3832155,30.3005116,44.84967248642964,2
7137328706,737,Humure,-3.1111138,30.5847511,84.02895112569855,2
7139783411,738,Nyaruganda,-3.6516417,30.1931243,40.54176745615843,2
7144537014,739,Mubavu,-3.3290207,30.3991574,56.65571100547971,2
7237100362,740,Gasunu,-3.3498416,29.9569676,11.191273206464338,2
7252129336,741,Tura,-2.4222875,30.4789481,128.99925131436007,2
7326209870,742,Nkanda,-3.2734337,29.9533492,18.64539821783938,2
7326220128,743,Gahararo,-2.754823,30.2709163,85.60709458002428,2
7347078691,744,Ruvuga,-4.4238382,29.7601657,110.62867018929988,2
7347078696,745,Bikobe,-4.3796079,29.7629029,105.74416795320238,2
7347078709,746,Budatekwa,-4.3976447,29.7827061,107.42945267710729,2
7347078710,747,Gikombe,-4.2521179,29.7288093,92.5192246943695,2
7347078711,748,Mukerezi,-4.4216972,29.7184315,111.14106424684687,2
7351713776,749,Buyongwe,-3.0041396,30.6611756,97.00161533745049,2
7351762286,750,Murehe,-3.1974707,30.4075693,62.144532708719424,2
7354911153,751,Rutongwanikwa,-3.0130518,30.2389491,59.8219989876241,2
7354911154,752,Kiryama,-3.3529092,30.0102477,15.136647671868083,2
7354911172,753,Rutegama,-3.4125334,29.9456156,5.564797169294329,2
7354911524,754,Buhanga,-3.6500619,29.97288,25.30007089464113,2
7354911525,755,Bugumbasha,-3.6393318,29.9787749,24.406120343091334,2
7355312414,756,Gatonde,-3.2499891,30.1937218,38.423451337675424,2
7355312436,757,Ruvumu,-3.2366008,30.1941324,39.2627885009884,2
7355312437,758,Nyarunazi,-3.3047305,30.1477059,30.981710308937853,2
7363431730,759,Remera,-2.9619111,29.554714,64.72913687593787,2
7363660965,760,Iteme,-3.0302215,29.9922112,45.7346381957844,2
7364055915,761,Munanira,-3.1490142,29.9279082,31.588379563830138,2
8264557628,762,Kiranzira,-3.7774194,29.7935479,39.84783532344657,2
8264557663,763,Bukoro,-3.5422219,29.8681082,12.554887201391589,2
8264557664,764,Rutoke,-3.4856547,29.8722022,6.561770987919162,2
8290593959,765,Mparambo,-2.8279873,29.0858578,112.55900735220052,2
8290593969,766,Gahabwa,-2.8931257,29.2230127,96.0729462163493,2
8290593971,767,Nyabihugu,-2.5387015,30.1412801,102.49427819155596,2
8304613244,768,Gaheta,-3.1541849,29.7585263,34.63805969793028,2
8304613245,769,Nzove,-3.0979141,29.846173,37.56566289594765,2
8365020315,770,Binyura,-4.0543706,29.6211352,75.34032722374327,2
8365020316,771,Bukanda,-4.0475074,29.6079212,75.27018419314733,2
8368027390,772,Yogero,-3.5156913,30.4604917,62.94258178829937,2
8375838377,773,Ryakaramba,-3.0693266,29.5982903,52.38583454772913,2
8375838381,774,Murehe,-3.2197569,29.7352795,29.87788383601166,2
8375838382,775,Karehe,-3.1780186,29.7399385,33.36583459291207,2
8380825261,776,Bucuzi,-2.9111592,29.1905984,97.72849360422634,2
9047391389,777,Gasenyi,-2.9618694,29.1895219,94.62229352336101,2
9053826166,778,Mazingi,-3.154327,30.8253984,107.37252765539691,2
9053826168,779,Muzire,-3.2140788,30.7989106,102.79805767157272,2
9060812969,780,Mugendo,-3.6974585,29.3291058,69.83215543651345,2
9060812977,781,Gitwaro,-3.6905614,29.3412894,68.28391553911092,2
9060812978,782,Mubone,-3.6331805,29.3462401,65.37733424401355,2
9060812979,783,Busenga,-3.5890299,29.3857487,59.67793604033872,2
9060812980,784,Gasebeyi,-3.5863168,29.4012608,57.94156096364926,2
9060812981,785,Canda,-3.5802162,29.3946651,58.451970649887954,2
9060812982,786,Migera,-3.5808221,29.352411,62.99276430454439,2
9060812983,787,Masama,-3.5597086,29.3701722,60.50778074350628,2
9060812984,788,Mwaza,-3.550844,29.3787704,59.35659225947422,2
9060812995,789,Kiremba,-3.535024,29.3658547,60.40811973951024,2
9060813013,790,Rugembe,-3.5310396,29.4028566,56.287615210129665,2
9060813015,791,Murambi,-3.5412429,29.4458046,51.86010173155742,2
9060813016,792,Rubanda,-3.5128582,29.437308,52.15991515949055,2
9060833717,793,Masenga,-3.4923998,29.4429757,51.20220698240013,2
9060833718,794,Mugendo,-3.4772971,29.4459979,50.68206952816811,2
9060833719,795,Musenyi,-3.4707667,29.4607931,48.979702062314914,2
9060833720,796,Bubaji,-3.4525761,29.4865193,45.995354389879225,2
9060833721,797,Kinyami,-3.4353166,29.4706047,47.715317550815456,2
9060833722,798,Ruvumu,-3.4418933,29.432872,51.91620751184296,2
9060833724,799,Mboza,-3.4209719,29.416413,53.75431639390696,2
9060833725,800,Rushubi,-3.3541415,29.5010375,45.19076102178912,2
9060833726,801,Buhanda,-3.3351869,29.4885099,46.9969130664762,2
9060833727,802,Cirisha,-3.3617148,29.5050305,44.599131904163265,2
9060833766,803,Rushubi,-3.3486715,29.483926,47.17409716188199,2
9060833768,804,Kinama,-3.2976893,29.5165685,45.171917299958324,2
9060833769,805,Muhororo,-3.3114257,29.5226572,44.04571539177695,2
9060833770,806,Kurugamba,-3.3158162,29.4809414,48.34712649911294,2
9060833812,807,Burenza,-3.3095753,29.4677424,49.94627174296268,2
9060833999,808,Kavya,-3.3111537,29.5322416,43.04236887549797,2
9060834010,809,Tenga,-3.3101753,29.4188334,55.17721396171267,2
9060834011,810,Kivoga,-3.2803824,29.4225287,55.6904181365887,2
9062301100,811,Masang,-3.1765725,29.8864727,28.428184171528432,2
9062301101,812,Ruganira,-3.1555221,29.9076788,30.727962125943662,2
9062788233,813,Kiyange,-3.328387,30.0573852,20.987531876527346,2
9062788234,814,Rwandagaro,-3.2776154,30.1174143,29.667011639634318,2
9062788235,815,Ruhuma,-3.2644716,30.139362,32.49776727630413,2
9062788268,816,Sagara,-3.2522326,30.2193852,40.75151598841608,2
9062788272,817,Kabangira,-3.184229,30.2528564,47.92017647255467,2
9062788314,818,Rutyazo,-3.1256182,30.3329726,58.932754260716536,2
9062788315,819,Kigajo,-3.1070092,30.3287555,59.77021861593057,2
9062788316,820,Ciyando,-3.0807144,30.3638088,64.63185638205168,2
9062805617,821,Nyaruhengeri,-3.0574525,30.3489424,64.93775051627156,2
9062805627,822,Bunywana,-2.9864279,30.3803386,72.74605877747594,2
9062805628,823,Mutenza,-2.9826125,30.4121204,75.65398749651642,2
9062805629,824,Ntobwe,-2.9365872,30.3918133,77.49176814661132,2
9062805630,825,Ruganirwa,-2.8871545,30.3087943,75.57599631867731,2
9062805631,826,Kizi,-2.8927607,30.24521,71.02761017229443,2
9062805632,827,Kiyange,-2.9266564,30.2347258,67.25174757964398,2
9062805633,828,Rwizingwe,-2.9361324,30.2238728,65.7128131889134,2
9071134303,829,Kagongo,-3.8524343,29.3676018,75.14299631349868,2
9074976024,830,Buyumpu,-2.8170898,29.4686925,83.31471514262067,2
9074976025,831,Buvumo,-2.8119935,29.4829389,82.88026116998158,2
9074976057,832,Dusasa,-2.8274372,29.4755541,81.93994235367511,2
9074976082,833,Kibati,-2.8255293,29.4987694,80.65755562602665,2
9074995951,834,Gashiru,-2.8388439,29.5191552,78.18511384403153,2
9074995952,835,Gisagara,-2.839928,29.504733,78.96491622479198,2
9074995953,836,Kidunduri,-2.8340401,29.5397293,77.4251101421595,2
9074995954,837,Munege,-2.8353962,29.5580075,76.2640368896674,2
9074995955,838,Kivumu,-2.823065,29.5693614,76.83764176079335,2
9074995956,839,Kibuba,-2.8292574,29.5891677,75.20039844421053,2
9074995957,840,Mutana,-2.8382916,29.5732328,75.15428445634348,2
9074995958,841,Ngoma,-2.8456667,29.6003055,73.02032938844269,2
9074995959,842,Ruhinga,-2.8541027,29.6329617,70.58997840528271,2
9074995960,843,Songore,-2.8495233,29.6253321,71.40820173651683,2
9077423465,844,Rwimbogo,-2.6205792,30.0481485,91.36507824443613,2
9077423466,845,Rushubije,-2.6428254,30.0304997,88.60426515873628,2
9077423469,846,Kanabugire,-2.620805,30.0285421,90.97280980055513,2
9077423470,847,Gasave,-2.6121977,30.0204833,91.77788320355134,2
9077423471,848,Rambo,-2.5852925,30.0600003,95.4424220015842,2
9077423473,849,Bugera,-2.54794,30.0525493,99.35867947048071,2
9077423475,850,Kibuburu,-2.5647948,30.090245,98.33810232298767,2
9077423476,851,Runyonza,-2.5085896,30.0872732,104.34988662033253,2
9077423477,852,Ceru,-2.4562954,30.1080483,110.48259731827497,2
9077423482,853,Foko,-2.3604123,30.0114434,119.28207537501888,2
9078936447,854,Bujondi,-4.0746562,30.0360902,72.51381187752781,2
9078936458,855,Kabizi,-4.1140734,29.9739967,75.72670792284734,2
9078936459,856,Mugerere,-4.1522478,30.0412605,81.03425306250868,2
9078936460,857,Kigomagoma,-4.0991377,30.0830531,76.38386156255748,2
9079091378,858,Sanvura,-4.3020705,29.8040331,96.65755787420572,2
9079128569,859,Rutenderi,-4.0553419,30.1418643,73.84566160100874,2
9079128583,860,SAMPEKE,-4.1909532,29.9756299,84.20078277895297,2
9079128584,861,Bigina,-4.2136158,30.0257871,87.41052930499276,2
9079128585,862,Kibara,-4.2426229,29.9630991,89.76833711480847,2
9079128586,863,Rubimba,-4.3180888,29.8450347,98.02965841632313,2
9079128587,864,Mbizi,-4.3228908,29.8198872,98.77198356929205,2
9079128588,865,Gitara,-4.348776,29.7920187,101.94069839037,2
9079637041,866,Materwa,-4.4478664,29.7412506,113.56709504214477,2
9079637042,867,Rangi,-4.340215,29.7050718,102.59632712938193,2
9079637043,868,Ruvyagira,-4.3182829,29.6955129,100.4617178834484,2
9079637044,869,Mugumure,-4.2769301,29.6912229,96.12681849058694,2
9079637045,870,Kiderege,-4.2462101,29.6774767,93.2269332364788,2
9079702366,871,Kigombe,-4.2235857,29.704995,90.03337240436916,2
9079702367,872,Gakara,-4.2195666,29.7137575,89.37178844174858,2
9079702368,873,Kigamba,-4.2237023,29.7329171,89.35061299955164,2
9079702369,874,Mubondo,-4.2357356,29.7468658,90.34819639414157,2
9079702370,875,Nyabitabo,-4.2072951,29.737303,87.47477817530661,2
9079783208,876,Rabiro,-4.1790596,29.7025935,85.33079851744792,2
9079783209,877,Mugu,-4.1698502,29.6948857,84.57366087838383,2
9079783210,878,Gikuzi,-4.1577052,29.7177688,82.62196899521714,2
9079783211,879,Ndoba,-4.1547022,29.6757459,83.57065391136672,2
9079783212,880,Mazuru,-4.1489264,29.6510298,83.82646638109497,2
9080188121,881,Mwaro-Ngundu,-3.6149841,29.9805129,21.9920393237566,2
9080188122,882,Ntita,-3.6142743,29.9969682,22.727899706238556,2
9080188123,883,Rwesero,-3.6215516,30.0090697,24.087204428083297,2
9080188126,884,Mwanzari,-3.627666,29.9671659,22.751463528745067,2
9080188128,885,Munanira,-3.2929379,29.7459725,23.10605553386339,2
9080188129,886,Cumba,-3.2976362,29.7459343,22.76349030790532,2
9080188155,887,Gahaga,-3.1846933,29.6458396,39.41531759405971,2
9080188167,888,Muganza,-3.0985068,29.5875019,50.76192927517633,2
9080188168,889,Nyarumanga,-3.0812934,29.578142,52.864825583299705,2
9080188180,890,Gasare,-3.0579297,29.6008918,53.17905280878097,2
9080188216,891,Ngoro,-3.0593451,29.5884233,53.93605331361547,2
9080194617,892,Mvumvu,-3.0421881,29.6029618,54.40879160815686,2
9080194618,893,Kabuye,-3.0310437,29.5995562,55.619903242317655,2
9080306860,894,Butezi,-3.8670963,30.2127393,59.22938897638186,2
9080306861,895,Mwebeya,-3.8320802,30.211468,56.052579990188455,2
9080306862,896,Rubanga,-3.819235,30.2120262,54.98137401300133,2
9080306867,897,Buhogo,-3.801883,30.2160686,53.797990577009564,2
9081133255,898,Gisoro,-3.2753224,30.62369,82.2990239194809,2
9081133256,899,Bunyerere,-3.2820653,30.7015286,90.62985020735125,2
9081133257,900,unnamed,-3.2203904,30.6892543,90.81695028996472,2
9081133258,901,unnamed,-3.189134,30.7407386,97.25803263285307,2
9081133259,902,unnamed,-3.1721579,30.763201,100.1843079777153,2
9081133260,903,Rabiro,-3.1510245,30.7763208,102.2711904853054,2
9081133261,904,Nyankorogo,-3.085523,30.7839038,105.49642698829526,2
9081190591,905,unnamed,-2.9637175,30.6066068,94.15057885410732,2
9081190595,906,Nyamurambi,-3.1510873,30.4531943,68.94687783022178,2
9082046804,907,Muriza,-3.5793166,30.1369382,30.883690713709324,2
9082046805,908,Caragata,-3.5904,30.1804753,35.67890475924421,2
9082046811,909,Nyaburondwe,-3.5434129,30.1570229,31.046317154270522,2
9082046812,910,Kirangara,-3.5185195,30.1690137,31.34194262350154,2
9082046813,911,Bisinde,-3.4966553,30.1923751,33.23472111855415,2
9082046814,912,Rutimbura,-3.4740864,30.2160131,35.40340101689662,2
9082046815,913,Kazimya,-3.4931104,30.2174885,35.89313547574378,2
9082046816,914,Mugozi,-3.2655632,30.498055,69.00181959034975,2
9082187417,915,Nyabisindu,-3.2813817,30.5127691,70.13828659448822,2
9082187418,916,Gahoko,-3.2494425,30.5903777,79.37067067298119,2
9082187419,917,Musenyi,-3.2175229,30.610405,82.47635617490441,2
9082357414,918,Kiyabu,-3.5392245,30.1396701,29.092929647924876,2
9082357415,919,Gishubi,-3.5490808,30.1072887,26.351845815215956,2
9082357416,920,Muremera,-3.5122446,30.0989053,23.76316635838121,2
9082358917,921,Burenza,-3.5048551,30.0946152,23.027130148237678,2
9082358918,922,Mihama,-3.5039741,30.0878448,22.287791817371446,2
9082358919,923,Mpame,-3.4678045,30.0758978,19.914513040183458,2
9082358921,924,Kanyonga,-3.4952412,30.0405948,17.05805302340846,2
9082358932,925,Rukobe,-3.5342487,30.048714,19.941460666092436,2
9082358937,926,Ruhanza,-3.5751367,30.0249011,20.94258836049485,2
9082358939,927,Muyange,-3.5217746,29.9993832,14.753420704407729,2
9082358940,928,Simba,-3.4951164,29.9608579,9.615326307289363,2
9082359032,929,Gatabo,-3.3192675,30.0371849,19.784088669433324,2
9082359060,930,Canzikiro,-3.0941957,30.1255695,45.106007169592196,2
9082359061,931,Rwimbogo,-3.1099815,30.1018208,42.20557018085584,2
9083166769,932,Gasera,-3.1518083,30.2040502,45.94257169242988,2
9083166770,933,Gisimbawaga,-3.1607203,30.2203138,46.64495879072886,2
9083166771,934,Gisimbawaga,-3.1770826,30.2200234,45.47129809218856,2
9083166772,935,Yagizo,-3.1940319,30.2037794,42.89263046438389,2
9083166786,936,Gasenyi,-3.0613281,30.312896,61.62564040281681,2
9083166787,937,Gasave,-2.9530519,30.4258117,78.96617511829992,2
9083166788,938,Burenza,-2.9337006,30.3157799,72.02521124591259,2
9083166789,939,Bwica,-2.8966532,30.2861792,73.23824442349908,2
9083166790,940,Mizuga,-2.9227004,30.2561226,68.9537967682448,2
9083166791,941,Masasu,-2.853613,30.2407272,74.45271113110687,2
9083178630,942,Jani,-2.8131467,30.1991001,76.20931615485122,2
9083178631,943,Karama,-2.7853607,30.2021117,79.12706087649234,2
9083178632,944,Gisanze-Muzingi,-2.7598919,30.1989243,81.54099907299384,2
9083178633,945,Bonero,-2.7471383,30.227508,84.15584974978621,2
9083178634,946,Gahehe,-2.7434512,30.2443347,85.34595213164634,2
9083178635,947,Zaga,-2.7661266,30.2210821,81.95410865504167,2
9083178636,948,Rugarama,-2.7295127,30.2851813,88.8237804926737,2
9083178638,949,Kivumu,-2.6571752,30.2303488,93.34843339630856,2
9083178639,950,Gihinga,-2.6463475,30.2593065,95.74793899738032,2
9083178640,951,Mutarishwa,-2.6295077,30.3055153,99.6592325743323,2
9083178654,952,Santunda,-2.5854827,30.3016045,103.83690932918249,2
9083178666,953,Minyago,-2.5352231,30.3361193,110.50989131231671,2
9083178667,954,Teka,-2.5343942,30.3512803,111.34145226813432,2
9083178668,955,Kabizi,-2.5343798,30.3887105,113.27865991180633,2
9083178669,956,Kimeza,-2.5801574,30.3793612,108.34850965856016,2
9083178674,957,Rabiro,-2.6424371,30.3914108,103.11093731446127,2
9084069622,958,Butihinda,-2.6463713,30.1825157,92.51038555797605,2
9084069643,959,Rungazi,-2.6063664,30.2408279,98.97883952555853,2
9084069644,960,Buhimba,-2.5823604,30.2702523,102.70301252296811,2
9084069649,961,Buringa,-2.5521511,30.2903531,106.66156124676071,2
9084069650,962,Gitete,-2.4747774,30.3456616,116.99885330862509,2
9084069651,963,Kumana,-2.4480957,30.3441628,119.60949466956379,2
9084069656,964,Muyange,-2.4712196,30.3154575,115.9777465072371,2
9084069657,965,Mwenya,-2.5732403,30.1374247,98.69766922788064,2
9084069658,966,Gihosha,-2.6003008,30.1396659,95.88657292027509,2
9084069659,967,Cumva,-2.6320465,30.1020184,91.40227613162918,2
9084069660,968,Karamagi,-2.6282991,30.0932192,91.56964998608083,2
9084069661,969,Nyakibingo,-2.632082,30.062396,90.4171040427729,2
9084069662,970,Butamenwa,-3.2547974,30.1139543,30.902305404496413,2
9084087323,971,unnamed,-3.887031,29.7730566,52.117335708567126,2
9084174351,972,Ruvumu,-3.3370862,29.6762884,27.041184312274503,2
9084174415,973,unnamed,-3.3572207,29.6833851,25.499151585909516,2
9084177642,974,Ngara,-3.4008603,29.6913032,23.46677668738263,2
9084177643,975,Gatsinga,-3.4164758,29.6940406,22.962108538067714,2
9084177644,976,Rango,-3.401186,29.7155601,20.8008553502641,2
9084177645,977,Buziracanda,-3.3912512,29.7310618,19.340239954369633,2
9084177694,978,Kabogi,-3.3766825,29.7179833,21.173241675063696,2
9084177695,979,Higiro,-3.3710215,29.7402412,19.04204842220527,2
9084177704,980,Gashingwa,-3.3470894,29.7479829,19.39725024872812,2
9084177705,981,Nyarukere,-3.3265551,29.7480691,20.60057465472321,2
9087454905,982,Muyebe,-3.3848274,29.8416077,8.416290284620372,2
9087454906,983,Gisitrye,-3.3988944,29.8551597,6.269169228355677,2
9087454909,984,Iteka,-3.4107964,29.855686,5.51730526100953,2
9087454910,985,Kibungere,-3.4141476,29.8233401,8.777925891990957,2
9087471423,986,Gihoma,-3.4288754,29.7690491,14.559654992847836,2
9087471436,987,Nyarubayi,-3.4650182,29.7683565,15.042716796903557,2
9087471437,988,Migera,-3.4694945,29.7564512,16.44544496772085,2
9087471438,989,Rwankangoma,-3.4727424,29.7659021,15.525977691173726,2
9087471448,990,Murama,-3.4759243,29.7854208,13.576304904849376,2
9087471461,991,Ubuvukamyi,-3.5010873,29.7822614,15.077996894661585,2
9087673909,992,Magamba,-3.5045284,29.8174185,12.092932461706535,2
9087673910,993,Musama,-3.5232713,29.7614094,18.333793027669493,2
9087677021,994,Kanka,-3.5983637,29.7549919,24.346484053246584,2
9087677022,995,Musumba,-3.6183079,29.7298839,27.8531278731344,2
9088169748,996,Mugano,-3.7439065,29.6648081,43.15642081172241,2
9088169774,997,Kigina-Mugomera,-3.7326591,29.6435749,43.67436516964528,2
9088169775,998,Kiganda,-3.675748,29.6905544,35.50045432505359,2
9088169776,999,Mabaya,-3.6595424,29.6899562,34.212799627261134,2
9088169777,1000,Nyangihotora,-3.6965593,29.7372327,34.27074303657284,2
9088169778,1001,Nyentambwe,-3.7262566,29.7924733,34.52738165961759,2
9088169779,1002,Murenge,-3.6898636,29.7853836,31.09743244758401,2
9088169780,1003,Rusaga,-3.6699825,29.7867659,29.03890577239713,2
9088169781,1004,Ntunda,-3.6390927,29.7816383,26.28301040757903,2
9088169782,1005,Rweza,-3.6417406,29.7699977,27.20108712897254,2
9088169792,1006,Gatwaro,-3.6186709,29.8129947,22.663262587967893,2
9090847359,1007,Gatete,-4.0147698,29.462488,80.59998044672967,2
9090859150,1008,Karagara,-4.0331375,29.4996759,79.8570629103401,2
9091152529,1009,Muhanda,-3.9833976,29.507454,74.84490398586567,2
9091152530,1010,Nyagasaka,-3.9605375,29.5412508,70.62092618493763,2
9091152542,1011,Tongwe,-3.9934302,29.5814599,71.33395833086972,2
9091152548,1012,Murinda,-3.9462341,29.5656001,67.80213564616292,2
9091152561,1013,Rukanda,-3.914845,29.5630632,65.0883911672556,2
9091152589,1014,Mubuga,-3.8949277,29.5768521,62.40588560899417,2
9091152590,1015,Musenyi,-3.848574,29.6065685,56.315104764924776,2
9091152591,1016,Karambi,-3.833706,29.5699858,57.48579931254723,2
9091277118,1017,Nyakabuko,-3.8080484,29.5715033,55.21892402135312,2
9091277141,1018,Rukoma,-3.851753,29.5412181,61.07252985370571,2
9091277142,1019,Kanyabitumwe,-3.8789907,29.532191,64.02002269762559,2
9091277162,1020,Kirama,-3.9384896,29.4794004,72.82783749415405,2
9091277177,1021,Murenge,-3.8613225,29.4804087,66.43093846532814,2
9091368206,1022,Karinzi,-4.2391188,29.7702987,90.26385973680105,2
9092722483,1023,Kigoma,-2.4604909,30.2474396,114.29502713433173,2
9092722484,1024,Burara,-2.514224,30.2236371,107.80953158068205,2
9092722485,1025,Rugarama,-2.5182877,30.175302,105.70704899164728,2
9092722486,1026,Kibonde,-2.4893746,30.1603045,108.31395345060076,2
9092722487,1027,Gisenyi,-2.5495466,30.1692149,102.20316333652372,2
9092722497,1028,Mataka,-2.6103707,30.1314243,94.56405058594943,2
9092722498,1029,Gasura,-2.6777786,30.0959503,86.3365430806773,2
9092722502,1030,Muyange,-2.8285221,30.1278794,71.51114429403874,2
9092736135,1031,Kagarama,-2.8316912,30.0727276,69.23956612746241,2
9092736136,1032,Ruhama,-2.8300385,29.9346035,66.8180052256793,2
9092736143,1033,unnamed,-2.8415118,29.8961017,65.4399603649612,2
9092736144,1034,Rutanga,-2.8617972,29.889138,63.20695850762365,2
9092736145,1035,unnamed,-2.8564133,29.7696919,65.4144453267787,2
9092736146,1036,Kididiri,-2.8259645,29.7281334,69.82196476072862,2
9092736147,1037,Mutsinda,-2.8237899,29.7038464,70.83710474401671,2
9092736148,1038,Kinyami,-2.8258453,29.6830832,71.36719327589881,2
9092736151,1039,unnamed,-2.8327193,29.6507327,71.95879310212773,2
9092736152,1040,unnamed,-2.8576265,29.5923177,72.26187895557149,2
9092736153,1041,Mugoyi,-2.8690766,29.5760902,72.03333861339654,2
9092736154,1042,unnamed,-2.8756548,29.553668,72.69268929695244,2
9092736191,1043,Yanza,-2.9310858,29.5800572,65.9438426490147,2
9093964697,1044,Makaba,-2.9929,29.8319828,49.28173649520654,2
9094721512,1045,Muramba,-3.0351851,29.3870156,72.03243566285721,2
9094721513,1046,Ngara,-3.0194622,29.3537978,76.02265687160485,2
9094721515,1047,Gahongore,-3.1152225,29.3695103,68.65231633980389,2
9094721619,1048,Bukinga,-3.0627531,29.4427812,65.27758725821327,2
9094809284,1049,Mugimbu,-3.0056524,29.4008595,72.89625441390172,2
9094809285,1050,Gitanga,-2.9808328,29.3611773,78.0375197585069,2
9094809286,1051,Jerama,-2.9850669,29.335191,79.98434617672588,2
9094809287,1052,Ruzirasazi,-2.9603414,29.333624,81.84123553375248,2
9094809288,1053,Bihembe,-2.9210867,29.3455839,83.69824987195155,2
9094809289,1054,Bumba,-2.8523692,29.354436,88.33931232943381,2
9094824436,1055,Muramba,-3.0351851,29.3870156,72.03243566285721,2
9094824437,1056,Ngara,-3.0194622,29.3537978,76.02265687160485,2
9094824438,1057,Gahongore,-3.1152225,29.3695103,68.65231633980389,2
9094888488,1058,Rutabo,-2.7291568,29.2688726,104.80619807818633,2
9094944617,1059,Nyakibanda,-2.7754303,29.1770756,108.39421100279166,2
9094982623,1060,Butaramuka,-2.7861277,29.1180582,112.58725469716238,2
9095728710,1061,Kibande,-2.6787364,29.2425093,110.9218243408532,2
9095728711,1062,Gasebeyi,-2.670467,29.2396807,111.81761508152955,2
9095743719,1063,Rutorero,-2.7477467,29.2764446,102.71798319680754,2
9095743814,1064,Gafumbegete,-2.7386572,29.2824447,103.01652555280772,2
9095743818,1065,Rusenda,-2.8215122,29.2776395,96.75807709880087,2
9095743819,1066,Nyampinda,-2.8031229,29.2784039,98.13111503284642,2
9095743820,1067,Nyangwe,-2.8212173,29.2553814,98.5645241428134,2
9095743821,1068,Shimwe,-2.8418344,29.2790031,95.08994065366466,2
9095743860,1069,Sehe,-2.929941,29.4633619,73.84712669015322,2
9095743869,1070,Nyarwumba,-2.9277763,29.4406832,75.70422590305222,2
9095743870,1071,Rugeyo,-2.9639495,29.4561757,71.60307250032287,2
9095743871,1072,Masare,-3.1078801,29.4878578,58.2492884470449,2
9095743876,1073,Kabanga,-3.1811094,29.5235017,50.2836124259512,2
9095743877,1074,Kibuye,-3.1858378,29.4804687,54.061400876917034,2
9095743878,1075,Nyenkarange,-3.233238,29.5040034,49.25556550353737,2
9095743879,1076,Rugazi,-3.2381391,29.4747067,51.95747191976143,2
9095743886,1077,Bugume,-3.249505,29.4619359,52.75469617322592,2
9095743887,1078,Kirama,-3.2574543,29.5276059,45.72499432068427,2
9095743888,1079,Nyarukere,-3.3701694,29.4885366,46.253559315133096,2
9095743889,1080,Kinyovu,-3.3664078,29.4607705,49.366614339698216,2
9095743907,1081,Kabumba,-3.4245438,29.405839,54.920463018489606,2
9095743908,1082,Nyamaboko,-3.4568338,29.3983223,55.80696441694328,2
9095743909,1083,Rukuba,-3.4761218,29.4037923,55.34082677937825,2
9095743910,1084,Ruvyagira,-3.4772503,29.4130041,54.33203752524219,2
9095743939,1085,Burima,-3.495304,29.404434,55.491215164846366,2
9097348444,1086,Kididiri,-2.5084524,30.2964389,111.35935647685818,2
9097348445,1087,Budahunga,-2.5569005,30.3413876,108.62407626069337,2
9097348446,1088,Karambo,-2.4528873,30.3809564,120.87990209548715,2
9097348447,1089,unnamed,-2.5059593,30.4165088,117.52491061618616,2
9097348448,1090,Kagati,-2.3301709,30.4558274,136.74077032651059,2
9097348449,1091,unnamed,-2.4440328,30.4792827,126.93966222307215,2
9097348450,1092,Rugese,-2.5138155,30.445133,118.36485741338004,2
9097348455,1093,unnamed,-2.577046,30.4341641,111.76247908150381,2
9097348456,1094,unnamed,-2.7076323,30.4351061,99.88500753873048,2
9097348457,1095,Gatovu,-2.8130775,30.3784806,86.78865765568425,2
9097348458,1096,Musenyi,-2.7674506,30.4279856,94.15686191351404,2
9097388505,1097,Mibakwe,-2.4571864,30.5198766,128.05922611882175,2
9097388506,1098,Rumandari,-2.4948815,30.5100684,123.96572915038553,2
9097804133,1099,Ntarambo,-2.8991766,29.6956197,63.28027435681671,2
9097804134,1100,Kanyankuru,-2.9329107,29.7046991,59.43762195368666,2
9097804141,1101,Buhorwa,-3.1968139,29.6706685,36.515725867370634,2
9100582669,1102,Rubone,-2.6789765,29.1646313,116.78872937197654,2
9102299423,1103,Gahabura,-2.887836,29.2950936,90.32551639571008,2
9102299424,1104,Rugano,-2.9424224,29.2729174,88.34185123554356,2
9102319000,1105,Camakombe,-2.7068522,29.0574309,123.38925735698295,2
9102319001,1106,Buhindo,-2.8208463,29.1848624,104.42822041081769,2
9102336636,1107,Kivumvu,-2.8475975,29.1790127,103.03872459988507,2
9103489657,1108,Gisenyi,-4.1724897,29.7973201,82.5308460740184,2
9103489658,1109,Gasaka,-4.2094759,29.7935377,86.63969781669968,2
9104370640,1110,Mahamde,-2.8563725,29.2406512,97.16484304929446,2
9104370692,1111,Ruhwa,-2.7357862,29.0465123,122.26906903526653,2
9104370693,1112,Gitumba,-2.6913466,29.0661726,123.78345703739411,2
9104370700,1113,Gakenke,-3.3399355,29.5493191,40.314257302952264,2
9104373458,1114,Gisarwe,-3.4267328,29.548984,39.012150889041656,2
9104373460,1115,Kankina,-3.4387156,29.5191209,42.32779381537852,2
9105216730,1116,Busangana,-3.2570247,29.8303401,20.973173569198483,2
9105216731,1117,Gaterama,-3.246753,29.8478043,21.42805093957224,2
9105216793,1118,Bihemba,-3.0581767,30.0633256,45.27829495623069,2
9105216801,1119,Rugazi,-3.0188752,30.0473571,48.66490709208375,2
9105216802,1120,Kidahwe,-3.0107171,30.0157128,48.46579683898306,2
9105216815,1121,Gikomero,-2.9246876,30.0263568,57.96824308795107,2
9105216820,1122,Bwitoyi,-2.9111985,30.0039546,58.87767124350308,2
9105216855,1123,Gisura,-2.9377273,29.9921189,55.74761828706534,2
9105216860,1124,Taba,-2.9516271,29.9768068,53.942102492601535,2
9105596753,1125,Kivoga,-2.9297862,29.7339884,58.6553334775571,2
9105596754,1126,Kavumu,-2.9253891,29.7272991,59.35334889652735,2
9105596755,1127,Kimagara,-2.9191253,29.7143123,60.486392827290985,2
9105596756,1128,unnamed,-2.9529843,29.7040432,57.40453625726051,2
9105596757,1129,Kibenga,-2.9148661,29.6809673,62.282480718635064,2
9105596758,1130,Mwendo,-2.935555,29.6443516,61.941536167169986,2
9105596771,1131,Bubezi,-2.9255872,29.6434804,62.966808990413725,2
9105596772,1132,Murago,-2.9255,29.6560044,62.35752468981478,2
9105596773,1133,Karurusi,-2.9132376,29.6685831,62.99765585945339,2
9105596803,1134,Rugori,-2.8767818,29.7549144,63.61640447212232,2
9105596804,1135,Muremera,-2.8383322,29.7493188,67.88858081618626,2
9105616319,1136,Rwanyege,-2.8207101,29.7421616,69.97385362183829,2
9105616320,1137,Buhanda,-2.7964823,29.802964,71.23903005416025,2
9105616321,1138,Gitwa,-2.7756694,29.8028519,73.5165940820387,2
9105616322,1139,Rukurazo,-2.7783431,29.776228,73.71873247256923,2
9105666445,1140,Nyarunazi,-3.2914589,29.7658192,21.641482659029734,2
9105666446,1141,Marumane,-3.2599446,29.7993126,22.19609546431992,2
9105666448,1142,Taba,-3.2479846,29.8055558,23.02335394347837,2
9105666455,1143,Rango,-3.1219456,29.7471079,38.39381592204562,2
9105666456,1144,Gihororo,-3.1072237,29.8043542,37.591115797346674,2
9105666457,1145,Nzove,-3.1023354,29.8443662,37.1160088762243,2
9105666458,1146,Vugizo,-3.0977554,29.7689071,39.861850425147246,2
9106240991,1147,Gisara,-3.0464056,29.8230456,43.6285088339589,2
9106240992,1148,Masama,-3.0592762,29.8178472,42.35461999397078,2
9106323985,1149,Gitamo,-3.0814697,29.8217963,39.863709872933846,2
9106323986,1150,Ruhinga,-3.1222048,29.7993691,36.17262347042681,2
9106323987,1151,Nkongwe,-3.1909659,29.8217668,28.172013702924286,2
9106323988,1152,Musagara,-3.1835275,29.7882197,30.284512116667358,2
9106323989,1153,Kaguruka,-3.162239,29.7855827,32.559136518471185,2
9106323990,1154,Murimbo,-3.1911944,29.8449117,27.462655325674216,2
9106323991,1155,Mvumba,-3.207697,29.8714843,25.14721091658346,2
9106323992,1156,Kibungo,-3.2258254,29.8816835,23.03225766247462,2
9106355111,1157,Gitaba,-3.3950618,29.7942517,12.488666758151151,2
9107592088,1158,Cishwa,-3.2226259,29.9477251,23.892064170918253,2
9107592089,1159,Nyamiyaga,-3.201656,29.9974404,27.80972066180586,2
9107592090,1160,Kivuvu,-3.2576669,29.9876852,21.728733879694026,2
9107592091,1161,Nyagisenyi,-3.2689439,30.00169,21.401168037461236,2
9107592092,1162,Nyamagana,-3.2917575,29.9983431,19.08946523991895,2
9107592093,1163,Mirama,-3.3028483,29.9462476,15.313303551996015,2
9107592094,1164,Jenda,-3.2962697,29.9142148,15.234669495315703,2
9107650617,1165,Mukobe,-3.3529073,29.8988268,8.890633243096127,2
9107650618,1166,Gishora,-3.3647302,29.9196038,7.8890664817532965,2
9107650619,1167,Masasu,-3.373424,29.9210948,7.023702964249794,2
9107650620,1168,Mahonda,-3.3856393,29.9217718,5.7990255060664735,2
9107650621,1169,Rukoba,-3.4028883,29.9153398,3.7702216995328253,2
9107650622,1170,Kabogi,-3.4006928,29.9272247,4.706702695940329,2
9107883760,1171,Gihehe,-3.3228513,29.8529744,13.28426957203261,2
9107883761,1172,Bweru,-3.3075462,29.8373346,15.551913888368537,2
9107883762,1173,Kenyinya,-3.308151,29.863486,14.421371090413468,2
9107883763,1174,Bukunga,-3.2970226,29.8736061,15.352097482983673,2
9107883766,1175,Kavumu,-3.2833058,29.8752404,16.81275277660807,2
9107883767,1176,Runyeri,-3.2672876,29.8878242,18.407131019132734,2
9107883768,1177,Nyakarambo,-3.277205,29.8585599,17.864474414793868,2
9108031586,1178,Rusarenda,-3.1306716,29.5633563,50.196025978918215,2
9108031587,1179,Gashishima,-3.1380857,29.5809719,48.19514418779325,2
9108031588,1180,Gakeceri,-2.9479785,29.7930291,54.96702906787698,2
9108031589,1181,Musumba,-2.8686027,29.9371841,62.57952893844167,2
9108162701,1182,Rukore,-2.6535791,29.9694737,86.56471485413698,2
9108162702,1183,Mwendo,-2.6560329,30.0056154,86.74635999523048,2
9108162703,1184,Bugorora,-2.6711629,29.9988233,84.98813275278228,2
9108162704,1185,Bwinyana,-2.6849946,30.0184536,83.78683186306846,2
9108162705,1186,Kirungu,-2.7132074,30.0070588,80.51042797444254,2
9108162706,1187,Nyambo,-2.7182372,29.9879426,79.67185306988837,2
9108162707,1188,Muhuzo,-2.7171556,29.9681915,79.55141108555837,2
9108162708,1189,Bihangare,-2.7065075,29.9664856,80.70598167230494,2
9108162709,1190,Bitambwe,-2.6991258,29.958303,81.44140722061486,2
9108162710,1191,Masama,-2.6839254,29.9487281,83.04078504588178,2
9108162715,1192,Kidobori,-2.6985624,29.9418765,81.37866966530643,2
9108189323,1193,Kagote,-2.6664564,29.9634179,85.08813851280551,2
9108189327,1194,Mariza,-2.5723267,29.9586658,95.42725320576055,2
9108189328,1195,Rurembo,-2.5565952,29.9430306,97.06162410536535,2
9108189329,1196,Kibesani,-2.5359811,29.9482086,99.36773695845646,2
9108189330,1197,Rutagara,-2.5055328,29.9840604,103.01471356542743,2
9108189331,1198,Shenga,-2.4703233,30.0279842,107.42968452520832,2
9109390133,1199,Butare,-3.9924302,29.9880909,62.597648655028756,2
9109390142,1200,Nkuntu,-3.9381402,29.9236689,55.88654845880306,2
9109390154,1201,Mutangaro,-3.8520025,29.8350466,46.85856152574352,2
9109390155,1202,Gikwazo,-3.8036123,29.8373149,41.53664542877129,2
9111201245,1203,Mugaruro,-3.590252,29.9087198,17.382530401893735,2
9111201247,1204,Muhuzu,-3.6402358,29.8574892,23.365048956932927,2
9111201248,1205,Kibaya,-3.6504072,29.8525285,24.579970114889825,2
9111335031,1206,Muyuga,-3.7037567,29.8342032,30.787221702301196,2
9111335032,1207,Nyamugari,-3.7167824,29.8224645,32.509225134302014,2
9113990045,1208,Gatare,-3.605156,29.9156798,19.083264814368967,2
9113990046,1209,Nurenda,-3.6048016,29.9507335,19.784441355208344,2
9113990058,1210,Bihanga,-3.500951,29.9040206,7.49406360976231,2
9113990059,1211,Jimbi,-3.4799919,29.8969493,5.1742278374200765,2
9113990060,1212,Gihiza,-3.4901403,29.8779866,6.744506104221608,2
9113990072,1213,Kibiri,-3.5064425,29.861302,9.159985586469872,2
9113990073,1214,Munago,-3.4974456,29.8357216,10.066118330245422,2
9113990074,1215,Kivuzo,-3.465287,29.8199773,9.569718600798469,2
9114111641,1216,Rwaniro,-3.7966954,29.4238725,66.4294690444087,2
9114111642,1217,Gakonko,-3.8055593,29.4554904,64.2907085204585,2
9114111643,1218,Burambi,-3.809995,29.5451056,57.35571134143103,2
9114111644,1219,Banda,-3.7943237,29.550335,55.70334888004047,2
9114111700,1220,Nyamurenga,-3.7773933,29.5619562,53.46279594867254,2
9114111701,1221,Gitsinda,-3.7895284,29.5815661,52.945908114228494,2
9114111702,1222,Rubirizi,-3.8232199,29.5749734,56.240305653487596,2
9115448992,1223,Burangwa,-3.7071078,29.3318388,70.01094909603876,2
9115465508,1224,Cunda,-3.9311086,29.4377033,75.28425805713188,2
9115476420,1225,Gisure,-3.8977842,29.4465701,71.94090196261863,2
9115476441,1226,Gatobo,-3.8906144,29.4598005,70.34758062772157,2
9115476442,1227,Gitongwe,-3.8581176,29.4610131,67.71400168308946,2
9115476443,1228,Gitaba,-3.8375459,29.4672842,65.64467722421298,2
9115476445,1229,Magana,-3.7796616,29.5188972,57.09322520667066,2
9115476446,1230,Gishiha,-3.76404,29.4801324,59.275535261676865,2
9115476475,1231,Nyamurunga,-3.7941519,29.5684546,54.30463139824848,2
9115476476,1232,Mujigo,-3.7545725,29.5735815,50.7670127401471,2
9115476477,1233,Kwishwi,-3.7418633,29.5688157,50.18081856836,2
9115476478,1234,Musho,-3.7223121,29.5594359,49.52839847130031,2
9115476687,1235,Musinzira,-3.64576,29.5042241,49.85642763147241,2
9115505190,1236,Saga,-3.6779093,29.4769253,54.23303985144042,2
9115505191,1237,Nyarumanga,-3.6075994,29.4827307,50.20972611185262,2
9116225613,1238,unnamed,-2.8102139,29.1262579,110.19987857707883,2
9116587976,1239,unnamed,-2.7525071,29.2263687,106.17934961724855,2
9116987846,1240,Buhinga,-3.7027893,30.0922335,36.663246752059734,2
9116987848,1241,Bigera,-3.6183566,30.1410085,33.70212358926664,2
9116987860,1242,Muhene,-3.579484,30.2016454,37.211028028137214,2
9116987861,1243,Rusunu,-3.684823,30.1464143,39.02727711928328,2
9116987862,1244,Kivumu,-3.5632896,30.1850265,34.77957843286292,2
9117113092,1245,Musenga,-3.5405782,30.2012447,35.51262232910374,2
9117113098,1246,Vumwe,-3.5753385,30.2965642,46.77891677309042,2
9117113100,1247,Kibari,-3.6751752,30.3103748,52.861138299110976,2
9117357538,1248,Mayanza,-3.6857156,30.3538429,57.634338270466344,2
9117357539,1249,Gasunu,-3.6830215,30.3331335,55.483582723888055,2
9117357540,1250,Nyamusasa,-3.6759119,30.3918474,60.87755240516226,2
9117357541,1251,Nyamunazi,-3.7034734,30.3752077,60.66434537764588,2
9117357542,1252,Nyabakara,-3.7257449,30.3780157,62.17999888109956,2
9117357543,1253,Ngomante,-3.7656384,30.3814003,64.89285483688177,2
9117357544,1254,Nkurye,-3.7839671,30.2536315,55.20132979642805,2
9117357545,1255,Ngemwe,-3.7994748,30.2610612,56.996763076937214,2
9117357546,1256,Nkanka,-3.8931932,30.1923139,60.33856166658957,2
9117357547,1257,Gatonga,-3.9334729,30.1966302,64.38110730865499,2
9117357548,1258,Shembe,-3.9312649,30.1450448,61.42586971156526,2
9117357549,1259,Murehe,-3.9541092,30.1418432,63.54887725489653,2
9117904583,1260,Ngara,-3.6714303,30.2181678,44.080020405626925,2
9117922324,1261,Bisinde,-3.4942017,30.191061,33.035663627702334,2
9119387680,1262,unnamed,-2.812491,29.1560358,107.47545825012372,2
9120172442,1263,unnamed,-2.7615518,29.1540241,111.3256251641986,2
9120175652,1264,Kirangi,-3.6326023,30.0795244,29.7249650681756,2
9120175658,1265,Gakonko,-3.6434166,30.1241524,34.06036930492528,2
9120175659,1266,Titi,-3.6710395,30.1479356,38.07838430849576,2
9120175661,1267,Nyarumuri,-3.609348,30.2667464,45.160664893118195,2
9120388012,1268,Caga,-3.4093426,30.4111657,56.86370640620606,2
9120388013,1269,Nyakivumu,-3.4420716,30.394522,54.960100854823594,2
9120388014,1270,Migende,-3.4360227,30.4246783,58.30348584157425,2
9120388015,1271,Rubanga,-3.4428719,30.4665503,62.96423383842619,2
9120388016,1272,Busyana,-3.3507133,30.5667191,74.65036710967264,2
9120390118,1273,Rukoyoyo,-3.3521949,30.5950814,77.76030772106809,2
9120390120,1274,Nyagisovu,-3.3148769,30.6299741,82.17055289750385,2
9120390121,1275,Kiyange,-3.2946433,30.5724993,76.29070822930021,2
9120390122,1276,Mugongo,-3.2851173,30.5611031,75.27313696391496,2
9120390123,1277,Nyuro,-3.1625037,30.6427539,87.81024160295534,2
9120390139,1278,Runihira,-3.0867013,30.8088412,108.03565351913434,2
9120458098,1279,Nyabigozi,-3.0142248,30.705677,100.82651501621831,2
9120809616,1280,Busumanyi,-3.0560346,30.6282042,91.05301309117877,2
9120862723,1281,Karirisi,-3.0486023,30.635485,92.14978860331036,2
9120862724,1282,Nyankere,-3.1527551,30.5934882,83.08111190587287,2
9120862729,1283,Muganza,-3.2027544,30.6228451,84.28078089509032,2
9120862745,1284,Kavumu,-3.2047023,30.636366,85.6503367149576,2
9122635222,1285,Ntunda,-3.3570714,30.3784717,53.83436411913111,2
9122635227,1286,Gashawe,-3.3490755,30.3921706,55.48017802111485,2
9122635228,1287,Nyarunazi,-3.3087121,30.4235816,59.79339992270113,2
9122635229,1288,Ruvyagira,-3.301029,30.4330953,61.02095265228114,2
9122635230,1289,Kigusu,-3.2814027,30.4620221,64.67643519799695,2
9122646320,1290,Rutoke,-3.2371142,30.4672363,66.66660215803783,2
9123197193,1291,Nyagitika,-3.5128898,30.2919283,44.43004333629986,2
9123197194,1292,Nyagahanda,-3.5090853,30.3036381,45.627087772751786,2
9123197195,1293,Mpungwe,-3.54318,30.2172834,37.28985767749353,2
9123226048,1294,Nyange,-3.449273,30.1158406,24.049178163990465,2
9123226049,1295,Nyagashubi,-3.4528516,30.1028815,22.64760064500663,2
9123921514,1296,Ruyengo,-3.6177085,29.9120236,20.43532574663837,2
9123921515,1297,Gatoza,-3.6273431,29.893614,21.468720953612802,2
9125252853,1298,Kanyange,-3.1162639,30.2253082,50.36014218557551,2
9125253099,1299,Tonga,-2.6786105,30.1646157,88.48402048768821,2
9125253293,1300,Mugogo,-3.0705338,29.9663668,40.786422452765585,2
9125253296,1301,Nyakaraye,-3.4310523,29.7874405,12.510211150066848,2
9126699509,1302,Kavumu,-3.6679756,29.8487279,26.568011495378716,2
9126699510,1303,Manenge,-3.724903,29.8527099,32.670308644358435,2
9128094674,1304,Ruhuka,-3.2574986,29.4507812,53.573547616524266,2
9128130461,1305,Mubanga,-3.1130315,29.4610599,60.28274995960798,2
9128130462,1306,Bubenga,-3.1287872,29.4709486,58.374564830646996,2
9128130463,1307,Rugera,-3.143789,29.4585388,58.5834812358129,2
9128130464,1308,Ruce,-3.1703155,29.5032328,52.820801562341224,2
9128130499,1309,Muzinda,-3.2464382,29.4368308,55.46526456844349,2
9128130510,1310,Butavuka,-3.2145722,29.4163304,58.94274337989552,2
9128156219,1311,Nyamabere,-3.2291786,29.4067586,59.28044268936822,2
9129732122,1312,Nyagatovu,-3.0337995,29.7261339,48.21750549278086,2
9129732123,1313,Nzewe,-3.0501266,29.7366747,46.09518325172362,2
9129732126,1314,Murago,-3.0186608,29.9558995,46.268914117532745,2
9129756910,1315,Nyagutoha,-3.4317069,30.3515675,50.17899490701257,2
9132027253,1316,unnamed,-2.8031092,29.2072526,103.85267213904652,2
9132036640,1317,unnamed,-2.8030235,29.1995627,104.49434742783903,2
9132349581,1318,unnamed,-2.8625707,29.2085266,99.44913289917409,2
9132349711,1319,unnamed,-2.8599883,29.2008769,100.28805825098549,2
9132646642,1320,Butare,-2.8071122,30.0840326,72.20078999772888,2
9132646643,1321,Rutobo,-2.8482594,30.0718555,67.45370041097605,2
9132646644,1322,Bugina,-2.820408,30.0545245,69.91478822301848,2
9132646645,1323,Kibuye,-2.805752,30.0292131,70.86352209499864,2
9132646646,1324,Nyamarobe,-2.7853058,30.0486246,73.53345089564046,2
9132646650,1325,Rangwe,-2.7819676,30.0528927,74.00070819429361,2
9132646652,1326,Kidasha,-2.7871377,30.0579807,73.57733110009721,2
9132646653,1327,Kiraro,-2.7706899,30.0602657,75.40440216553833,2
9132646654,1328,Ndihwe,-2.7477632,30.0319421,77.21072053904074,2
9132730140,1329,Mafuro,-2.903159,29.9262645,58.69440343592935,2
9132730141,1330,Mushonge,-2.8047928,29.9075574,69.50387821127303,2
9132730247,1331,Buhigiranka,-2.7907186,29.8766645,71.10241241294081,2
9132730253,1332,Masama,-2.7779408,29.885464,72.48602332678387,2
9132842642,1333,Gahwazi,-2.906019,29.7922148,59.523611954920725,2
9133560655,1334,Nyamwera,-3.0383511,29.7757883,45.80262054979782,2
9133560662,1335,Nkango,-3.0705956,29.759398,43.04382120846374,2
9133560663,1336,Busokoza,-3.0840681,29.7488523,42.11284153139778,2
9133573049,1337,Bihembe,-3.2122001,30.0256063,28.15313183739931,2
9133573055,1338,Gasivya,-3.1832004,30.0214413,30.773036166731863,2
9133573056,1339,Gasenyi,-3.1553044,30.0261904,33.78819335621527,2
9134936175,1340,unnamed,-2.9113652,29.2502189,92.45052307371914,2
9134936258,1341,unnamed,-2.9776113,29.2428508,88.7346742397362,2
9135592379,1342,Buhevyi,-2.617369,30.3295967,102.0828435933822,2
9135592380,1343,Bugorora,-2.6454572,30.3076986,98.20119795544545,2
9135592381,1344,unnamed,-2.6843895,30.3181072,94.96350260717958,2
9135592382,1345,Maruri,-2.6863387,30.3116025,94.42309896190486,2
9135592389,1346,Kobero,-2.7698474,30.1586641,78.7960525721778,2
9135592390,1347,Bwisha,-2.7822663,30.1528841,77.28305945019983,2
9135592394,1348,Nkohwa,-2.7783578,30.1395912,77.16347095161619,2
9135592395,1349,Gisabazuba,-2.7626649,30.1323098,78.52457980691119,2
9135592396,1350,Butsimba,-2.76026,30.1196949,78.32731871784762,2
9135592397,1351,Shore,-2.5630892,30.3021598,106.10406848802793,2
9135592406,1352,Nyamisagara,-2.6610184,30.1528256,89.90275801343057,2
9135832506,1353,Kanyagu,-2.5442819,30.0069654,99.02180713289466,2
9135832507,1354,Murungurira,-2.5601037,30.0250551,97.55138555217218,2
9135832508,1355,Nyagatovu,-2.7127668,30.0447315,81.28283456923701,2
9135832512,1356,Nyakibanda,-2.7268817,30.0480015,79.82762913726272,2
9135832513,1357,Rwisuri,-2.7295812,30.0389563,79.33367857495472,2
9135882138,1358,Gasezerwa,-2.8960215,30.1091584,63.797642820394096,2
9136422961,1359,Rwamfu,-2.7245869,30.3680206,94.06421570130443,2
9136422966,1360,Ntaruka,-2.6954539,30.3826306,97.64762941908273,2
9136429834,1361,Rwabiriro,-2.8120611,29.8310353,69.12148646386089,2
9136429835,1362,Cahi,-2.7955751,29.837975,70.85429276963767,2
9136430326,1363,Rudaraza,-3.0610636,30.211733,53.80167007029554,2
9136930816,1364,unnamed,-2.8267806,29.164195,105.76988097651349,2
9137171845,1365,unnamed,-2.8022733,29.0903163,113.88148720436557,2
9137603733,1366,unnamed,-2.761959,29.2366683,104.63075493292118,2
9137807549,1367,unnamed,-2.8314928,29.194378,102.85954968518259,2
9138175316,1368,Mpunge,-3.6478373,29.7772177,27.36601845853164,2
9138349750,1369,Bunyuka,-3.7355416,29.9427289,33.756937870125185,2
9139048731,1370,Nkomero,-3.728825,29.3802398,66.35234893534133,2
9139048734,1371,Mihogoro,-3.7102394,29.3996629,63.46670838330396,2
9139048735,1372,Higiro,-3.6181373,29.4343671,55.6275441341864,2
9139048736,1373,Gitunda,-3.6009705,29.3682862,61.92033958457551,2
9139051941,1374,Gigozi,-3.5184287,29.5636489,38.54125922228903,2
9139052093,1375,Karoba,-3.5156201,29.9238923,9.482058588209998,2
9142671875,1376,Mugerama,-4.3133305,29.5943673,103.06380514077463,2
9142671876,1377,Mukimba,-4.2137052,29.5946666,92.72148357190235,2
9142694030,1378,Murinda,-4.1701118,29.6393729,86.46620431520667,2
9142694031,1379,Gitaba,-4.1348188,29.6379269,82.85555260160169,2
9143244135,1380,Biniganyi,-4.2669142,29.5989614,98.05717173481794,2
9143381681,1381,Nyabigega,-3.9733575,29.7179013,63.05211108552301,2
9143381697,1382,Burarana,-3.9894326,29.6827583,66.0622134340777,2
9143381703,1383,Mudahandwa,-3.9775569,29.6615505,65.75480267353534,2
9144753877,1384,Ndagano,-4.0120809,29.6728797,68.79440983771205,2
9144753899,1385,Ntunda,-4.0355121,29.6550944,71.93479933861387,2
9144773018,1386,Migera,-4.0644785,29.580433,78.30378235842771,2
9144876594,1387,Nyagatovu,-3.9567364,29.7460216,60.35565508200284,2
9144876595,1388,Muyange,-3.9679718,29.7540018,61.30763696693542,2
9144876596,1389,Gasigati,-3.9546765,29.7541728,59.88598175067841,2
9144876597,1390,Nyarwaga,-3.9448265,29.7333095,59.51800104549826,2
9144876598,1391,Burenza,-3.9325188,29.7333302,58.22541895520708,2
9144876599,1392,Kamvumvu,-3.9344299,29.7177102,58.99867540124029,2
9144883996,1393,Raro,-3.9185369,29.6696621,59.446146558298025,2
9144884003,1394,Karimbi,-3.9251678,29.6428218,61.43736990536627,2
9144915275,1395,Nyemanga,-3.9573448,29.56889,68.63654453378035,2
9144915276,1396,Kinama,-3.87777,29.5586301,62.07952104505533,2
9144915277,1397,Bambo,-3.7043992,29.4329673,59.92663387205243,2
9147007937,1398,Gitara,-3.557358,29.6353094,32.45274540674584,2
9147050265,1399,Bungere,-3.517785,29.9770747,12.67371881002721,2
9149368874,1400,Nyenzi,-2.7084999,30.1719801,85.65935095389561,2
9149368875,1401,Kabuye-Gitanga,-2.7067862,30.1462584,84.87180884901774,2
9149368961,1402,Rukongwa,-2.8931638,30.1612539,66.41197653219018,2
9149368966,1403,Nyagatovu,-2.8623434,30.1700852,69.90898416259886,2
9149369000,1404,Rugabano,-3.0643151,30.2774402,58.51932050817422,2
9150240319,1405,Mahonda,-3.9960881,29.6597082,67.715687556401,2
9151049637,1406,unnamed,-2.864596,29.1752082,102.20027232002357,2
9152215249,1407,Kighrika,-3.2793097,30.6137218,81.12299322484297,2
9152474841,1408,Gitega,-3.0731895,30.6973473,97.1535527887093,2
9152728187,1409,Kabuga,-3.1773742,30.6241605,85.31055359914234,2
9154964650,1410,unnamed,-2.8492085,29.1455269,105.85059006969489,2
9155569262,1411,unnamed,-2.8847086,29.1758251,100.79167506179697,2
9167580343,1412,Nyange,-4.146811,29.8745621,78.95001257468168,2
9168469430,1413,Muyange,-4.251268,30.0084752,91.24922799440003,2
9168562897,1414,Buga,-4.0998578,30.1411838,78.42521746638066,2
9169013879,1415,unnamed,-2.9093481,29.2355686,93.86569581178401,2
9169014109,1416,unnamed,-2.8482227,29.2257357,99.00808208193973,2
9169014393,1417,unnamed,-2.8377321,29.2016333,101.7980870779249,2
9169797317,1418,Canda,-4.2019899,29.8535976,85.15724127524108,2
9169797318,1419,Makoronkwe,-4.2017422,29.87786,85.00931174314402,2
9169797319,1420,Kayogoro,-4.1176232,29.945015,75.83686695618184,2
9169842307,1421,unnamed,-2.9099588,29.1274327,103.55041422865231,2
9171109978,1422,unnamed,-2.8710948,29.22488,97.44686930513397,2
9171110059,1423,unnamed,-2.8467707,29.2105383,100.39654800958233,2
9171158952,1424,unnamed,-2.9238775,29.2202049,94.24568838771904,2
9171158981,1425,unnamed,-2.9272554,29.2271197,93.40629834428383,2
9171159034,1426,unnamed,-2.9185576,29.2286324,93.85213140162277,2
9171159080,1427,unnamed,-2.9139716,29.2259288,94.3989961450454,2
9171486487,1428,unnamed,-2.9327601,29.2413461,91.7765518188335,2
9171486815,1429,unnamed,-2.9129403,29.2099187,95.88589813301596,2
9173450913,1430,Ramba,-3.9401549,29.7704202,57.86651609765004,2
9176710202,1431,Rumunvu,-3.8317018,29.6635638,51.29130316524768,2
9177791461,1432,Nyantozo,-3.9951337,29.6083331,70.06813278285045,2
9178214420,1433,Kivoga,-4.3145986,29.8636476,97.53704167361484,2
9180005137,1434,Jimbi,-4.2732308,29.8489877,93.0516240684023,2
9181101967,1435,Ndemeka,-3.4206378,30.5970466,77.46969622234708,2
9183231550,1436,Mago,-3.4927253,30.3403296,49.36764184960755,2
9183547372,1437,Monge,-3.3898553,30.5090308,67.8479406139794,2
9190443881,1438,unnamed,-2.9413051,29.2224795,92.90112919639203,2
9203516339,1439,Kabingo,-3.3753266,30.5705625,74.79106959891863,2
9209437310,1440,unnamed,-2.9606504,29.2484057,89.31205543498412,2
9209437384,1441,unnamed,-2.9677112,29.2444038,89.22012113868213,2
9209996739,1442,unnamed,-3.0032344,29.2331386,88.06277654958535,2
9214439775,1443,Murambi,-3.3968704,29.6359355,29.618887125315563,2
9215148024,1444,Munagano,-2.7942363,30.3876947,89.06416657372188,2
9215148342,1445,Kizi,-2.8963713,30.2655408,71.94352845547215,2
9225486306,1446,Kabanga,-3.6262955,30.4099601,60.54725204945166,2
9235463700,1447,unnamed,-2.987897,29.2161763,90.5667673343673,2
