,id,a
0,301396116,Muyange-Gasoho
1,498682537,Rusengo
2,672626781,Kobero
3,1343330461,Gitandu
4,1343357989,Butwe
5,1343387467,Mahwa
6,1343387469,Kiryama
7,1343387471,Kiremba
8,1343414237,Vyuya
9,1343414243,Nyakararo
10,1343414246,Ijenda
11,1344526635,Gitaba
12,1344545310,Banda
13,1344545313,Gatete
14,1344545314,Karonda
15,1344562634,Buhonga
16,1344947977,Nyagasasa
17,1345786372,Ruvuye
18,1345802549,Nyange
19,1345802550,Ntirwonza
20,1345802552,Dunga
21,1345802553,Bigugo
22,1345809290,Rangi
23,1345848178,Mugege
24,1345856440,Tetero
25,1345856441,Nyakatsi
26,1345856444,Rurengera
27,1347112607,Butora
28,1347112609,Mweya
29,1347117124,Gitibu
30,1347117126,Gikora
31,1347127241,Nyabisinda
32,1347127245,Kibongera
33,1347127250,Rugari
34,1347127257,Murama
35,1347127259,Nyabibuye
36,1347134533,Ruyange
37,1347134536,Rubarazi
38,1347134537,Nyangwe
39,1347134538,Mirama
40,1347139978,Gakere
41,1347139979,Cayi
42,1347143267,Gikuyo
43,1347143268,Gikomero
44,1347150637,Kigozi
45,1347153561,Rusengo
46,1347160916,Ruganza
47,1347160926,Butegana
48,1347179717,Bubenga
49,1347208021,Rusenda
50,1347215841,Gasenyi
51,1409506454,Matara
52,1539116965,Rubimba
53,1541909344,Buraniro
54,1543867924,Kibungo
55,1641861624,Nuyange
56,1673541100,Ruziba
57,1673572838,Resha
58,1673582520,Kamesa
59,1691655515,Gihofi
60,1719097789,Yaranda
61,1719183367,Gisagara
62,1736075572,Buta
63,1752306648,Buruhukiro
64,1948214600,Kabonga
65,2013668476,Mutimbuzi
66,2081168988,Vugizo
67,2190804443,Gatabo
68,2306784457,Butahana
69,2306992955,Musenyi
70,2307027554,Teza
71,2312090116,Vumwe
72,2312128925,Mukoni
73,2329644476,Mutambara
74,2334712992,Kabo
75,2334712993,Kazirabageni
76,2334712995,Mvugo
77,2334712996,Rimbo
78,2339102118,"Source d'eau de la C R B, U.C KAREMERA"
79,2386187672,Gaseru
80,2783139047,Kibuye
81,3034908168,Kayongozi
82,3041548505,Tangara
83,3041567810,Gisanze
84,3042995151,Gasenyi
85,3049396906,Mutoyi
86,3051520601,Kiyonza
87,3051549073,Rubuga
88,3051549074,Rutega
89,3051552705,Murehe
90,3051565486,Marembo
91,3051565487,Gatare
92,3084809685,Nzove
93,3086225644,Rubura
94,3086259125,Campazi
95,3086267375,Mubuga
96,3089792353,Nyabitare
97,3090937646,Mugera
98,3091023746,Mubuga
99,3122555478,Gakungu
100,3122564881,Kwisumo
101,3122572447,Ngoma
102,3122580529,Maranvya
103,3122584829,Nyabiraba
104,3124351985,Nyagatovu
105,3125135578,Mutumba
106,3125142625,Kigwena
107,3126201213,Rutsindu
108,3126206317,Kibimba
109,3126212255,Ntunda
110,3126218306,Kaniha
111,3126223273,Munzenze
112,3126226665,Muzirangerera
113,3126245927,Kirasira
114,3126256298,Solero
115,3126259271,Nkongwe
116,3128517254,Nyeshenza
117,3130252768,Ruzo
118,3130261310,Mugano
119,3130272159,Gasave
120,3130287665,Buhoro
121,3130291102,Murore
122,3130293469,Nyagisozi
123,3130305406,Gisenyi
124,3130310742,Mukerwa
125,3130324341,Shombo
126,3130326391,Kigoma
127,3130329185,Kigina
128,3130329552,Kiyanza
129,3130335566,Ryarusera
130,3131277063,Mubira
131,3131281467,Kivoga
132,3131309465,Bukamba
133,3131311050,Gitwa
134,3131333062,Rugoti
135,3131340197,Senga
136,3204421949,Mugogo
137,3204433857,Rubaragaza
138,3204436847,Gashurushuru
139,3204439166,Nombe
140,3212229662,Masango
141,3212252161,Kibogoye
142,3218321177,Munini
143,3227944334,Rusengo
144,3251072665,Mageyo
145,3251072666,Kigamba
146,3251074346,Nyarunazi
147,3251080821,Muyange
148,3251094996,Nyankanda
149,3251094997,Munyinya
150,3251097601,Musenyi
151,3251098809,Kanyinya
152,3253764640,Gitongo
153,3253819953,Buyenzi
154,3253826761,Kiyenzi
155,3253826799,Nyabugete
156,3253843707,Gasarara
157,3253872854,Mbuga
158,3259272540,Rambwe
159,3259276201,Muyebe
160,3259280145,Miheto
161,3259291161,Mutaho
162,3259291162,Kinyamugera
163,3259291163,Buraniro
164,3259293861,Musema
165,3259306247,Gitaramuka
166,3259306248,Murenguko
167,3259306249,Gatongati
168,3259313316,Fota
169,3259313317,Kibimba
170,3260112475,Rukana
171,3260247222,Ruhororo
172,3260379210,Rumeza
173,3260379211,Manyoni
174,3262060687,Butegana
175,3263349760,Nyarubanga
176,3263593347,Gihongoro
177,3263593348,Kiyange
178,3263593802,Gatabo
179,3263658919,Mugeni
180,3265387028,Muhafu
181,3265446634,Gitwenge
182,3265451229,Rusigabangazi
183,3274011586,Kivubo
184,3285110498,Renga
185,3298864898,Nyagahara
186,3302884597,Ngoro
187,3312193983,Nyavyamo
188,3312210932,Rorero
189,3312487775,Kiziba
190,3314518173,Rubirizi
191,3319833915,Gatwe
192,3323581333,Mugere
193,3323645375,Mungwa
194,3325293463,Murenge
195,3325342919,Kabanga
196,3327451832,Gikomero
197,3328558669,Kibimba
198,3328759795,Kanyami
199,3328787521,Rutyazo
200,3328787562,Rubanga
201,3328963114,Gakwende
202,3330919002,Gitwe
203,3330919003,Murayi
204,3330919004,Kirimbi
205,3330919005,Muremera
206,3330946044,Gasenyi
207,3330946045,Nyarunazi
208,3342266566,Rwibaga
209,3352948420,Mugara
210,3353093832,Munini
211,3356061601,Kinazi
212,3356061602,Butarugera
213,3356061603,Buzigo
214,3356061604,Rutamo
215,3356061605,Ntwago
216,3356061606,Mugendo
217,3356061607,Mugina
218,3356146558,Murehe
219,3356146560,Kagogo
220,3356146561,Ndava
221,3356146562,Buramata
222,3356150585,Mugina
223,3356150586,Gishiha
224,3356150587,Martyazo
225,3356181786,Gitabi
226,3356223468,Mudende
227,3356223469,Mutumba
228,3356363540,Karehe
229,3356363541,Nyagisozi
230,3356365919,Gacu
231,3356365920,Mihigo
232,3356365921,Gatoke
233,3356365954,Kinanira
234,3356445308,Muzenze
235,3356448364,Bunyerere
236,3356507644,Gatimbiri
237,3368526437,Mpinga
238,3371825021,Jene
239,3376660148,Korineza
240,3376660149,Rukago
241,3517566307,Bugoma
242,3517578468,Kabanga
243,3520105087,Musave
244,3520161448,Banga
245,3537197249,Gahandu
246,3538923752,Bwatemba
247,3539247741,Kajabure
248,3547691719,Mugoyi
249,3561062623,Bukeye
250,3580749007,Minyare
251,3584496967,Muhama
252,3596514918,Nyamutobo
253,3596566587,Kizenga
254,3596610318,Nyankanda
255,3596610319,Rubaho
256,3628906102,Birambi
257,3629250112,Rukeco
258,3629282046,Rwegura
259,3631745497,Mihigo
260,3632962719,Mutwenzi
261,3633023279,Bukuba
262,3633025533,Mudida
263,3633025534,Muramba
264,3655682732,Nyabigina
265,3658768595,Nyabibondo
266,3666084513,Remesha
267,3916812977,Nyakuguma
268,3917219048,Rweza
269,3918860880,Micokora
270,3922117073,Rugazi
271,3923300957,Giko
272,3925605162,Martyazo
273,3925605212,Gitaramuka
274,3927408367,Gitsiro
275,3927496629,Benga
276,3927500972,Bugeni
277,3927523646,Bunywera
278,3933130951,Rwisabi
279,3933131172,Murongwe
280,3933131173,Kibungo
281,3933131174,Kibimba
282,3933147233,Mutara
283,3934196507,Ryamukona
284,3934272769,Mivo
285,3934272770,Kabere
286,3936254568,Kaburantwa
287,3936437700,Shinge
288,3936437701,Buhoro
289,3936437702,Rubangabanga
290,3936437703,Kabagari
291,3936437704,Kamonyi
292,3936437705,Giseke
293,3936437706,Gishungo
294,3936483200,Kageyo
295,3937838003,Gacokwe
296,3937838006,Buhonga
297,3938702043,Sigu
298,3938702044,Ngara
299,3938702045,Bukobe
300,3938702049,Murambo
301,3944599576,Bamba
302,3944599577,Ntamba
303,3944599590,Mukugu
304,3944623108,Yandaro
305,3944623109,Kavoga
306,3944650007,Rwamiko
307,3944650568,Murangara
308,3945666847,Kigarama
309,3945671117,Ruyenzi
310,3945671118,Kiziba
311,3945671119,Mureke
312,3945671120,Nyamugari
313,3947725699,Kivoga
314,3948404674,Muramba
315,3953663957,Rutongo
316,3954178843,Mubogora
317,3954396477,Ruziba
318,3954396478,Maranvya
319,3954396479,Mitakataka
320,3955088680,Nyamakarabo
321,3955088681,Magongwe
322,3955160851,Mayuki
323,3955235270,Mumbanza
324,3955235271,Miduha
325,3955235493,Murambi
326,3955235494,Ruhagarika
327,3955268659,Muyange
328,3956104315,Misaba
329,3978330677,Buringa
330,3983203267,Kibumbu
331,3983908560,Ntita
332,3984134721,Mukindu
333,3984242544,Rukaramu
334,3984570105,Gihumgwe
335,3999208766,Murengeza
336,3999457049,Muzinda
337,4000005878,Murago
338,4000071718,Camazi
339,4011259311,Buye
340,4011401484,Gisuka
341,4011570304,Bahizi
342,4011570306,Murambi
343,4011570307,Bartye
344,4020100752,Muterama
345,4020100753,Gahororo
346,4020100754,Mivo
347,4020100755,Musaswe
348,4020100756,Nyabigina
349,4020100757,Mahinda
350,4020419658,Bigomogomo
351,4023536135,Kabebe
352,4023536136,Murore
353,4023536138,Mwaka
354,4023536140,Nyamagandika
355,4023536141,Nyabitanga
356,4023720075,Rubande
357,4023720076,Songa
358,4023720078,Bitare
359,4023809914,Teka
360,4023809915,Nyangungu
361,4023809917,Kidahanwa
362,4023809920,Nyamugari
363,4023809926,Mutobo
364,4023809928,Nzunga
365,4023850408,Gasuru
366,4024236726,Nyeshanga
367,4024236729,Murira
368,4024236732,Rugunga
369,4024236733,Randa
370,4024853760,Burarana
371,4025902759,Ramba
372,4025902777,Kibingo
373,4025902778,Kashi
374,4025902779,Rutumo
375,4025902780,Munege
376,4025902781,Kibumba
377,4025902782,Rukinga
378,4025902797,Kayabazi
379,4025902798,Maguruka
380,4026118883,Mukarimbi
381,4026119105,Gitaba
382,4026119106,Burenza
383,4026119147,Ndago
384,4026236271,Buta
385,4027224482,Kayange
386,4028111475,Gitohwe
387,4028111700,Mpumbu
388,4028111706,Ruko
389,4028111707,Ntentamaza
390,4028111728,Musasa
391,4028201522,Muyaga
392,4028201523,Mutobo
393,4029826747,Gikurazo
394,4029826748,Kabanga
395,4033535645,Cimabare
396,4033535646,Gwiti
397,4033946617,Ruyaga
398,4033946628,Muremera
399,4033946633,Rukoma
400,4033946644,Ruhehe
401,4033946646,Butemba
402,4033946647,Bigoti
403,4033946648,Nkuba
404,4033946649,Nyetongwe
405,4033962748,Ninga
406,4034626372,Gahama
407,4034687383,Gisenyi
408,4034687408,Kaganza
409,4034687409,Kanyinya
410,4034687416,Rubindi
411,4034687425,Rukina
412,4034744420,Muyebe
413,4039275661,Mariza
414,4039277337,Bubera
415,4039277346,Ruhora
416,4040582588,Cewe
417,4041376355,Mubanga
418,4041382006,Mwurire
419,4041382019,Kiruri
420,4041382020,Kigutu
421,4041921782,Nyagatovu
422,4042146746,Itwe
423,4042146751,Musimba
424,4042146753,Nyamirambo
425,4042146754,Mpinga
426,4042146761,Mparo
427,4042146890,Butwe
428,4042146909,Giytwenge
429,4042146910,Gahororo
430,4042180033,Musama
431,4042180034,Kigarama
432,4042180035,Kabuye
433,4043294522,Kirehe
434,4043294618,Kibaya
435,4048144072,Gisha
436,4048274348,Gakenke
437,4048726354,Kabaribari
438,4048949671,Canika
439,4048949672,Kigeme
440,4048998434,Muramba
441,4050110413,Kigari
442,4050161206,Runyankezi
443,4050161219,Karama
444,4050161603,Giheta
445,4053085944,Gisenyi
446,4053085952,Burarana
447,4053247509,Nyarurama
448,4053287834,Kwibuka
449,4053287888,Gataba
450,4053291504,Ntunda
451,4053726092,Mugutu
452,4053726111,Gatwaro
453,4053791253,Nkubara
454,4053791292,Rabiro
455,4053811001,Rubavu
456,4053811032,Bitare
457,4060191376,Kivungwe
458,4060216214,Gasarwe
459,4060218029,Mubone
460,4060299659,Kinima
461,4060364277,Kiganza
462,4060364287,Gisagazuba
463,4065223379,Makombe
464,4065224141,Ruyenzi
465,4065224181,Gakoni
466,4065285632,Cagizo
467,4065285646,Kamaramagambo
468,4065285677,Murehe
469,4065286607,Rukenke
470,4065286616,Mugongo
471,4065365165,Kayove
472,4065365184,Vumasi
473,4065365185,Murama
474,4066135686,Nyarungazi
475,4069980234,Kayogoro
476,4073266070,Remba
477,4073266071,Gahama
478,4073266072,Kwitaba
479,4073266944,Kiyonga
480,4073467928,Nyamiyaga
481,4073467953,Nyakazu
482,4073468061,Gasunu
483,4073590494,Murembera
484,4073590495,Ruhongoro
485,4073590496,Kabanga
486,4073590500,Murehe
487,4073590501,Mwegereza
488,4073590502,Kigarika
489,4119085435,Nyantakara
490,4119108949,Nyamure
491,4128138223,Murara
492,4174563720,Gisanze
493,4234575382,Biganda
494,4293260557,Busaga
495,4309298025,Gasegerwa
496,4309378780,Butanganika
497,4346168954,Kagari
498,5435758774,Karimbi
499,5435784221,Yanza
500,5435788869,Kugatongo
501,5435832226,Rucunda
502,5435832306,Namande
503,5518611832,Komonanira
504,5592675201,Mwivuza
505,5667079986,Gasanda
506,5667968927,Kayero
507,5669733090,Burwana
508,5673616513,Biyorwa
509,5675805082,Shanga
510,5676015076,Gatobo
511,5678080743,Bugendajoro
512,5678080962,Nyakirera
513,5678081002,Karago
514,5686164193,Buziragahama
515,5703333820,Rurama
516,5709916812,Busoro
517,5735133282,Nyamugari
518,5739896619,Rukamba
519,5775277661,Buhororo
520,5775277678,Mparamirundi
521,5775331028,Muhaganya
522,5775377783,Butanuka
523,5775819838,Buvumbi
524,5775878667,Kibuye
525,5775878749,Carubambo
526,5775880556,Ceru
527,5777155326,Bigwana
528,5777187254,Munanira
529,5777187256,Bihunge
530,5777211966,Bitezi
531,5777280061,Biziya
532,5777280062,Cunamwe
533,5777280084,Gahera
534,5777280105,Gahosha
535,5777280141,Gahweza
536,5777280143,Gakuba
537,5777801944,Gasasa
538,5777802375,Gasenyi
539,5777802516,Gasongati
540,5777914496,Gatabo
541,5777914497,Gatagura
542,5781410124,Gitubwe
543,5781424560,Kibezi
544,5781426198,Gitwa
545,5781447549,Gitwe
546,5781447550,Gitwenzi
547,5782889661,Muhindo
548,5782889662,Murehe
549,5782889671,Miciro
550,5783038715,Gwingiri
551,5783038720,Gwiyange
552,5783777559,Ibuga
553,5783777575,Janja
554,5783777577,Jenda
555,5783777620,Kabasazi
556,5783777640,Kabogo
557,5783941471,Kabuga
558,5783941472,Kabumbe
559,5783941474,Kagoma
560,5783941494,Kavumu
561,5783941495,Nyakarambo
562,5783943062,Kibande
563,5784356173,Kibezi
564,5784356174,Kiganda
565,5784356183,Kigoma
566,5784356209,Kigutu
567,5784356210,Kinyovu
568,5784436688,Kirama
569,5784436695,Kiremera
570,5784436700,Kirombwe
571,5784436705,Kirumura
572,5784436708,Kivuzo
573,5784489048,Kumana
574,5784489049,Mbariza
575,5784489050,Mbizi
576,5784489467,Migezi-Nete
577,5784574784,Mihama
578,5784574785,Mihigo
579,5784574787,Mirehe
580,5784574791,Mpehe
581,5784574793,Mpota
582,5784574796,Mubanga
583,5784574798,Mubanga
584,5784574799,Ciya
585,5784574802,Mufunya
586,5784574803,Mugano
587,5784643177,Mugerero
588,5784643179,Mugogo
589,5784643229,Muhago
590,5784643247,Buororo
591,5784643248,Muhoroge
592,5784761537,Muhwazi
593,5784761539,Mukanda
594,5784761540,Mumuri
595,5784761541,Munguko
596,5784761542,Munyange
597,5784761960,Munyinya
598,5784761962,Murambi
599,5819022504,Ndora
600,5859256105,Misugi
601,5859256133,Buhinda
602,5859256134,Muvumero
603,5859256135,Muyogoro
604,5859256144,Nyangwa
605,5859256162,Uwimpfizi
606,5861480502,Ntabandwa
607,5882259846,Gihango
608,6046974518,Miremera
609,6046974519,Muhungu
610,6046974520,Nyamitanga
611,6047236340,Kavumwe
612,6047236341,Nyabigozi
613,6047236342,Ruyaga
614,6047296563,Twinkwavu
615,6049214672,Budatyora
616,6049327271,Vyuma
617,6051212892,Karunga
618,6051287653,Bubanza
619,6051298034,Buhororo
620,6051303827,Buhayira
621,6051338071,Masango
622,6054509714,Taba
623,6055237516,Gihango
624,6056017655,Buhumba
625,6060824479,Intende
626,6060886355,Masaka
627,6060886356,Ngomo
628,6060886388,Kidasha
629,6060886389,Shoza
630,6060886409,Mika
631,6060886410,Ndava
632,6060886411,Mukoni
633,6061059690,Gatwenzi
634,6061059691,Nyamihondi
635,6061059698,Nyamirambo
636,6061059699,Kayenzi
637,6061059700,Nkoyoyo
638,6061059701,Nyamarumba
639,6061059702,Cibari
640,6061059703,Ruyivyi
641,6061059705,Ryabihira
642,6061059706,Gitongwe
643,6061059707,Burima
644,6061138950,Kaguhu
645,6061196517,Gikingo
646,6061196518,Burambira
647,6061208718,Nyagatovu
648,6061208719,Musama
649,6061798366,Gatakazi
650,6061798367,Kagunga
651,6061798368,Yove
652,6061798369,Mungwa
653,6061843305,Rurimbi
654,6066768716,Musumba
655,6066768717,Munazi
656,6067426033,Ruveri
657,6067426034,Nyamigina
658,6068329522,Nyarucamo
659,6069024778,Nkonyovu
660,6069024779,Nyarunazi
661,6071744890,Gaharo
662,6083614296,Rubirizi
663,6813955725,Gatanga
664,6813964104,Nyankara
665,6814023769,Kinoso
666,6822912756,Kagurutsi
667,6828134629,Kiri
668,6828134632,Rubuga
669,6828134633,Rugasa
670,6828134634,Nyamabuye
671,6828134635,Gitwe
672,6828354836,Bugongo
673,6828354837,Murara
674,6829102880,Rurira
675,6829102881,Nyabugeni
676,6830828128,Nyarurambi
677,6830828129,Kivumu
678,6830828130,Rjungu
679,6830828131,Mashiga
680,6830828136,Kibungo
681,6830828137,Rwamvura
682,6830828138,Rusagara
683,6830828139,Rusagara
684,6830828140,Nyabigugu
685,6830828141,Gitanga
686,6830828173,Saswe
687,6830949991,Mburi
688,6830949992,Ruramba
689,6830949993,Nkoro
690,6830949994,Gisoko
691,6831202574,Buheka
692,6831202575,Gasaba
693,6831653920,Kigaza
694,6842041422,Remesha
695,6853806531,Narunyazi
696,6853806578,Kiyange
697,6853806886,Karongwe
698,6853806887,Mabago
699,6853806900,Shori
700,6853937672,Maranvya
701,6855520191,Kinyovu
702,6856284598,Nyembuye
703,6858598335,Mugomera
704,6859130155,Nyungu
705,6859161311,Kagozi
706,6859179214,Murima
707,6867615076,Muyaga
708,6873401302,Kananira
709,6873401348,Kiyanza
710,6873401449,Rugongo
711,6873493051,Kirambi
712,6873665211,Kirambi
713,6887360771,Ngina
714,6887366736,Rongero
715,6894159803,Bucana
716,6894185370,Shango
717,6896675334,Rushiha
718,6898234617,Dusenga
719,6903998052,Rugongo
720,6903998053,Kabuyenge
721,6903998056,Gashirwe
722,6904063095,Mayuyu
723,6910645528,Nyakayi
724,6910659569,Miguruka
725,6910676606,Dutwe
726,6910676607,Bikobe
727,6913005788,Kizuga
728,6917106271,Ruranga
729,6925672722,Gisikara
730,6960024757,Kidasha
731,6970380700,Gakana
732,6996339054,Rusamaza
733,7003551633,Vyanzo
734,7021497368,Rusi
735,7103331350,Buruhukiro
736,7137328706,Humure
737,7139783411,Nyaruganda
738,7144537014,Mubavu
739,7237100362,Gasunu
740,7252129336,Tura
741,7326209870,Nkanda
742,7326220128,Gahararo
743,7347078691,Ruvuga
744,7347078696,Bikobe
745,7347078709,Budatekwa
746,7347078710,Gikombe
747,7347078711,Mukerezi
748,7351713776,Buyongwe
749,7351762286,Murehe
750,7354911153,Rutongwanikwa
751,7354911154,Kiryama
752,7354911172,Rutegama
753,7354911524,Buhanga
754,7354911525,Bugumbasha
755,7355312414,Gatonde
756,7355312436,Ruvumu
757,7355312437,Nyarunazi
758,7363431730,Remera
759,7363660965,Iteme
760,7364055915,Munanira
761,8264557628,Kiranzira
762,8264557663,Bukoro
763,8264557664,Rutoke
764,8290593959,Mparambo
765,8290593969,Gahabwa
766,8290593971,Nyabihugu
767,8304613244,Gaheta
768,8304613245,Nzove
769,8365020315,Binyura
770,8365020316,Bukanda
771,8368027390,Yogero
772,8375838377,Ryakaramba
773,8375838381,Murehe
774,8375838382,Karehe
775,8380825261,Bucuzi
776,9047391389,Gasenyi
777,9053826166,Mazingi
778,9053826168,Muzire
779,9060812969,Mugendo
780,9060812977,Gitwaro
781,9060812978,Mubone
782,9060812979,Busenga
783,9060812980,Gasebeyi
784,9060812981,Canda
785,9060812982,Migera
786,9060812983,Masama
787,9060812984,Mwaza
788,9060812995,Kiremba
789,9060813013,Rugembe
790,9060813015,Murambi
791,9060813016,Rubanda
792,9060833717,Masenga
793,9060833718,Mugendo
794,9060833719,Musenyi
795,9060833720,Bubaji
796,9060833721,Kinyami
797,9060833722,Ruvumu
798,9060833724,Mboza
799,9060833725,Rushubi
800,9060833726,Buhanda
801,9060833727,Cirisha
802,9060833766,Rushubi
803,9060833768,Kinama
804,9060833769,Muhororo
805,9060833770,Kurugamba
806,9060833812,Burenza
807,9060833999,Kavya
808,9060834010,Tenga
809,9060834011,Kivoga
810,9062301100,Masang
811,9062301101,Ruganira
812,9062788233,Kiyange
813,9062788234,Rwandagaro
814,9062788235,Ruhuma
815,9062788268,Sagara
816,9062788272,Kabangira
817,9062788314,Rutyazo
818,9062788315,Kigajo
819,9062788316,Ciyando
820,9062805617,Nyaruhengeri
821,9062805627,Bunywana
822,9062805628,Mutenza
823,9062805629,Ntobwe
824,9062805630,Ruganirwa
825,9062805631,Kizi
826,9062805632,Kiyange
827,9062805633,Rwizingwe
828,9071134303,Kagongo
829,9074976024,Buyumpu
830,9074976025,Buvumo
831,9074976057,Dusasa
832,9074976082,Kibati
833,9074995951,Gashiru
834,9074995952,Gisagara
835,9074995953,Kidunduri
836,9074995954,Munege
837,9074995955,Kivumu
838,9074995956,Kibuba
839,9074995957,Mutana
840,9074995958,Ngoma
841,9074995959,Ruhinga
842,9074995960,Songore
843,9077423465,Rwimbogo
844,9077423466,Rushubije
845,9077423469,Kanabugire
846,9077423470,Gasave
847,9077423471,Rambo
848,9077423473,Bugera
849,9077423475,Kibuburu
850,9077423476,Runyonza
851,9077423477,Ceru
852,9077423482,Foko
853,9078936447,Bujondi
854,9078936458,Kabizi
855,9078936459,Mugerere
856,9078936460,Kigomagoma
857,9079091378,Sanvura
858,9079128569,Rutenderi
859,9079128583,SAMPEKE
860,9079128584,Bigina
861,9079128585,Kibara
862,9079128586,Rubimba
863,9079128587,Mbizi
864,9079128588,Gitara
865,9079637041,Materwa
866,9079637042,Rangi
867,9079637043,Ruvyagira
868,9079637044,Mugumure
869,9079637045,Kiderege
870,9079702366,Kigombe
871,9079702367,Gakara
872,9079702368,Kigamba
873,9079702369,Mubondo
874,9079702370,Nyabitabo
875,9079783208,Rabiro
876,9079783209,Mugu
877,9079783210,Gikuzi
878,9079783211,Ndoba
879,9079783212,Mazuru
880,9080188121,Mwaro-Ngundu
881,9080188122,Ntita
882,9080188123,Rwesero
883,9080188126,Mwanzari
884,9080188128,Munanira
885,9080188129,Cumba
886,9080188155,Gahaga
887,9080188167,Muganza
888,9080188168,Nyarumanga
889,9080188180,Gasare
890,9080188216,Ngoro
891,9080194617,Mvumvu
892,9080194618,Kabuye
893,9080306860,Butezi
894,9080306861,Mwebeya
895,9080306862,Rubanga
896,9080306867,Buhogo
897,9081133255,Gisoro
898,9081133256,Bunyerere
899,9081133257,unnamed
900,9081133258,unnamed
901,9081133259,unnamed
902,9081133260,Rabiro
903,9081133261,Nyankorogo
904,9081190591,unnamed
905,9081190595,Nyamurambi
906,9082046804,Muriza
907,9082046805,Caragata
908,9082046811,Nyaburondwe
909,9082046812,Kirangara
910,9082046813,Bisinde
911,9082046814,Rutimbura
912,9082046815,Kazimya
913,9082046816,Mugozi
914,9082187417,Nyabisindu
915,9082187418,Gahoko
916,9082187419,Musenyi
917,9082357414,Kiyabu
918,9082357415,Gishubi
919,9082357416,Muremera
920,9082358917,Burenza
921,9082358918,Mihama
922,9082358919,Mpame
923,9082358921,Kanyonga
924,9082358932,Rukobe
925,9082358937,Ruhanza
926,9082358939,Muyange
927,9082358940,Simba
928,9082359032,Gatabo
929,9082359060,Canzikiro
930,9082359061,Rwimbogo
931,9083166769,Gasera
932,9083166770,Gisimbawaga
933,9083166771,Gisimbawaga
934,9083166772,Yagizo
935,9083166786,Gasenyi
936,9083166787,Gasave
937,9083166788,Burenza
938,9083166789,Bwica
939,9083166790,Mizuga
940,9083166791,Masasu
941,9083178630,Jani
942,9083178631,Karama
943,9083178632,Gisanze-Muzingi
944,9083178633,Bonero
945,9083178634,Gahehe
946,9083178635,Zaga
947,9083178636,Rugarama
948,9083178638,Kivumu
949,9083178639,Gihinga
950,9083178640,Mutarishwa
951,9083178654,Santunda
952,9083178666,Minyago
953,9083178667,Teka
954,9083178668,Kabizi
955,9083178669,Kimeza
956,9083178674,Rabiro
957,9084069622,Butihinda
958,9084069643,Rungazi
959,9084069644,Buhimba
960,9084069649,Buringa
961,9084069650,Gitete
962,9084069651,Kumana
963,9084069656,Muyange
964,9084069657,Mwenya
965,9084069658,Gihosha
966,9084069659,Cumva
967,9084069660,Karamagi
968,9084069661,Nyakibingo
969,9084069662,Butamenwa
970,9084087323,unnamed
971,9084174351,Ruvumu
972,9084174415,unnamed
973,9084177642,Ngara
974,9084177643,Gatsinga
975,9084177644,Rango
976,9084177645,Buziracanda
977,9084177694,Kabogi
978,9084177695,Higiro
979,9084177704,Gashingwa
980,9084177705,Nyarukere
981,9087454905,Muyebe
982,9087454906,Gisitrye
983,9087454909,Iteka
984,9087454910,Kibungere
985,9087471423,Gihoma
986,9087471436,Nyarubayi
987,9087471437,Migera
988,9087471438,Rwankangoma
989,9087471448,Murama
990,9087471461,Ubuvukamyi
991,9087673909,Magamba
992,9087673910,Musama
993,9087677021,Kanka
994,9087677022,Musumba
995,9088169748,Mugano
996,9088169774,Kigina-Mugomera
997,9088169775,Kiganda
998,9088169776,Mabaya
999,9088169777,Nyangihotora
1000,9088169778,Nyentambwe
1001,9088169779,Murenge
1002,9088169780,Rusaga
1003,9088169781,Ntunda
1004,9088169782,Rweza
1005,9088169792,Gatwaro
1006,9090847359,Gatete
1007,9090859150,Karagara
1008,9091152529,Muhanda
1009,9091152530,Nyagasaka
1010,9091152542,Tongwe
1011,9091152548,Murinda
1012,9091152561,Rukanda
1013,9091152589,Mubuga
1014,9091152590,Musenyi
1015,9091152591,Karambi
1016,9091277118,Nyakabuko
1017,9091277141,Rukoma
1018,9091277142,Kanyabitumwe
1019,9091277162,Kirama
1020,9091277177,Murenge
1021,9091368206,Karinzi
1022,9092722483,Kigoma
1023,9092722484,Burara
1024,9092722485,Rugarama
1025,9092722486,Kibonde
1026,9092722487,Gisenyi
1027,9092722497,Mataka
1028,9092722498,Gasura
1029,9092722502,Muyange
1030,9092736135,Kagarama
1031,9092736136,Ruhama
1032,9092736143,unnamed
1033,9092736144,Rutanga
1034,9092736145,unnamed
1035,9092736146,Kididiri
1036,9092736147,Mutsinda
1037,9092736148,Kinyami
1038,9092736151,unnamed
1039,9092736152,unnamed
1040,9092736153,Mugoyi
1041,9092736154,unnamed
1042,9092736191,Yanza
1043,9093964697,Makaba
1044,9094721512,Muramba
1045,9094721513,Ngara
1046,9094721515,Gahongore
1047,9094721619,Bukinga
1048,9094809284,Mugimbu
1049,9094809285,Gitanga
1050,9094809286,Jerama
1051,9094809287,Ruzirasazi
1052,9094809288,Bihembe
1053,9094809289,Bumba
1054,9094824436,Muramba
1055,9094824437,Ngara
1056,9094824438,Gahongore
1057,9094888488,Rutabo
1058,9094944617,Nyakibanda
1059,9094982623,Butaramuka
1060,9095728710,Kibande
1061,9095728711,Gasebeyi
1062,9095743719,Rutorero
1063,9095743814,Gafumbegete
1064,9095743818,Rusenda
1065,9095743819,Nyampinda
1066,9095743820,Nyangwe
1067,9095743821,Shimwe
1068,9095743860,Sehe
1069,9095743869,Nyarwumba
1070,9095743870,Rugeyo
1071,9095743871,Masare
1072,9095743876,Kabanga
1073,9095743877,Kibuye
1074,9095743878,Nyenkarange
1075,9095743879,Rugazi
1076,9095743886,Bugume
1077,9095743887,Kirama
1078,9095743888,Nyarukere
1079,9095743889,Kinyovu
1080,9095743907,Kabumba
1081,9095743908,Nyamaboko
1082,9095743909,Rukuba
1083,9095743910,Ruvyagira
1084,9095743939,Burima
1085,9097348444,Kididiri
1086,9097348445,Budahunga
1087,9097348446,Karambo
1088,9097348447,unnamed
1089,9097348448,Kagati
1090,9097348449,unnamed
1091,9097348450,Rugese
1092,9097348455,unnamed
1093,9097348456,unnamed
1094,9097348457,Gatovu
1095,9097348458,Musenyi
1096,9097388505,Mibakwe
1097,9097388506,Rumandari
1098,9097804133,Ntarambo
1099,9097804134,Kanyankuru
1100,9097804141,Buhorwa
1101,9100582669,Rubone
1102,9102299423,Gahabura
1103,9102299424,Rugano
1104,9102319000,Camakombe
1105,9102319001,Buhindo
1106,9102336636,Kivumvu
1107,9103489657,Gisenyi
1108,9103489658,Gasaka
1109,9104370640,Mahamde
1110,9104370692,Ruhwa
1111,9104370693,Gitumba
1112,9104370700,Gakenke
1113,9104373458,Gisarwe
1114,9104373460,Kankina
1115,9105216730,Busangana
1116,9105216731,Gaterama
1117,9105216793,Bihemba
1118,9105216801,Rugazi
1119,9105216802,Kidahwe
1120,9105216815,Gikomero
1121,9105216820,Bwitoyi
1122,9105216855,Gisura
1123,9105216860,Taba
1124,9105596753,Kivoga
1125,9105596754,Kavumu
1126,9105596755,Kimagara
1127,9105596756,unnamed
1128,9105596757,Kibenga
1129,9105596758,Mwendo
1130,9105596771,Bubezi
1131,9105596772,Murago
1132,9105596773,Karurusi
1133,9105596803,Rugori
1134,9105596804,Muremera
1135,9105616319,Rwanyege
1136,9105616320,Buhanda
1137,9105616321,Gitwa
1138,9105616322,Rukurazo
1139,9105666445,Nyarunazi
1140,9105666446,Marumane
1141,9105666448,Taba
1142,9105666455,Rango
1143,9105666456,Gihororo
1144,9105666457,Nzove
1145,9105666458,Vugizo
1146,9106240991,Gisara
1147,9106240992,Masama
1148,9106323985,Gitamo
1149,9106323986,Ruhinga
1150,9106323987,Nkongwe
1151,9106323988,Musagara
1152,9106323989,Kaguruka
1153,9106323990,Murimbo
1154,9106323991,Mvumba
1155,9106323992,Kibungo
1156,9106355111,Gitaba
1157,9107592088,Cishwa
1158,9107592089,Nyamiyaga
1159,9107592090,Kivuvu
1160,9107592091,Nyagisenyi
1161,9107592092,Nyamagana
1162,9107592093,Mirama
1163,9107592094,Jenda
1164,9107650617,Mukobe
1165,9107650618,Gishora
1166,9107650619,Masasu
1167,9107650620,Mahonda
1168,9107650621,Rukoba
1169,9107650622,Kabogi
1170,9107883760,Gihehe
1171,9107883761,Bweru
1172,9107883762,Kenyinya
1173,9107883763,Bukunga
1174,9107883766,Kavumu
1175,9107883767,Runyeri
1176,9107883768,Nyakarambo
1177,9108031586,Rusarenda
1178,9108031587,Gashishima
1179,9108031588,Gakeceri
1180,9108031589,Musumba
1181,9108162701,Rukore
1182,9108162702,Mwendo
1183,9108162703,Bugorora
1184,9108162704,Bwinyana
1185,9108162705,Kirungu
1186,9108162706,Nyambo
1187,9108162707,Muhuzo
1188,9108162708,Bihangare
1189,9108162709,Bitambwe
1190,9108162710,Masama
1191,9108162715,Kidobori
1192,9108189323,Kagote
1193,9108189327,Mariza
1194,9108189328,Rurembo
1195,9108189329,Kibesani
1196,9108189330,Rutagara
1197,9108189331,Shenga
1198,9109390133,Butare
1199,9109390142,Nkuntu
1200,9109390154,Mutangaro
1201,9109390155,Gikwazo
1202,9111201245,Mugaruro
1203,9111201247,Muhuzu
1204,9111201248,Kibaya
1205,9111335031,Muyuga
1206,9111335032,Nyamugari
1207,9113990045,Gatare
1208,9113990046,Nurenda
1209,9113990058,Bihanga
1210,9113990059,Jimbi
1211,9113990060,Gihiza
1212,9113990072,Kibiri
1213,9113990073,Munago
1214,9113990074,Kivuzo
1215,9114111641,Rwaniro
1216,9114111642,Gakonko
1217,9114111643,Burambi
1218,9114111644,Banda
1219,9114111700,Nyamurenga
1220,9114111701,Gitsinda
1221,9114111702,Rubirizi
1222,9115448992,Burangwa
1223,9115465508,Cunda
1224,9115476420,Gisure
1225,9115476441,Gatobo
1226,9115476442,Gitongwe
1227,9115476443,Gitaba
1228,9115476445,Magana
1229,9115476446,Gishiha
1230,9115476475,Nyamurunga
1231,9115476476,Mujigo
1232,9115476477,Kwishwi
1233,9115476478,Musho
1234,9115476687,Musinzira
1235,9115505190,Saga
1236,9115505191,Nyarumanga
1237,9116225613,unnamed
1238,9116587976,unnamed
1239,9116987846,Buhinga
1240,9116987848,Bigera
1241,9116987860,Muhene
1242,9116987861,Rusunu
1243,9116987862,Kivumu
1244,9117113092,Musenga
1245,9117113098,Vumwe
1246,9117113100,Kibari
1247,9117357538,Mayanza
1248,9117357539,Gasunu
1249,9117357540,Nyamusasa
1250,9117357541,Nyamunazi
1251,9117357542,Nyabakara
1252,9117357543,Ngomante
1253,9117357544,Nkurye
1254,9117357545,Ngemwe
1255,9117357546,Nkanka
1256,9117357547,Gatonga
1257,9117357548,Shembe
1258,9117357549,Murehe
1259,9117904583,Ngara
1260,9117922324,Bisinde
1261,9119387680,unnamed
1262,9120172442,unnamed
1263,9120175652,Kirangi
1264,9120175658,Gakonko
1265,9120175659,Titi
1266,9120175661,Nyarumuri
1267,9120388012,Caga
1268,9120388013,Nyakivumu
1269,9120388014,Migende
1270,9120388015,Rubanga
1271,9120388016,Busyana
1272,9120390118,Rukoyoyo
1273,9120390120,Nyagisovu
1274,9120390121,Kiyange
1275,9120390122,Mugongo
1276,9120390123,Nyuro
1277,9120390139,Runihira
1278,9120458098,Nyabigozi
1279,9120809616,Busumanyi
1280,9120862723,Karirisi
1281,9120862724,Nyankere
1282,9120862729,Muganza
1283,9120862745,Kavumu
1284,9122635222,Ntunda
1285,9122635227,Gashawe
1286,9122635228,Nyarunazi
1287,9122635229,Ruvyagira
1288,9122635230,Kigusu
1289,9122646320,Rutoke
1290,9123197193,Nyagitika
1291,9123197194,Nyagahanda
1292,9123197195,Mpungwe
1293,9123226048,Nyange
1294,9123226049,Nyagashubi
1295,9123921514,Ruyengo
1296,9123921515,Gatoza
1297,9125252853,Kanyange
1298,9125253099,Tonga
1299,9125253293,Mugogo
1300,9125253296,Nyakaraye
1301,9126699509,Kavumu
1302,9126699510,Manenge
1303,9128094674,Ruhuka
1304,9128130461,Mubanga
1305,9128130462,Bubenga
1306,9128130463,Rugera
1307,9128130464,Ruce
1308,9128130499,Muzinda
1309,9128130510,Butavuka
1310,9128156219,Nyamabere
1311,9129732122,Nyagatovu
1312,9129732123,Nzewe
1313,9129732126,Murago
1314,9129756910,Nyagutoha
1315,9132027253,unnamed
1316,9132036640,unnamed
1317,9132349581,unnamed
1318,9132349711,unnamed
1319,9132646642,Butare
1320,9132646643,Rutobo
1321,9132646644,Bugina
1322,9132646645,Kibuye
1323,9132646646,Nyamarobe
1324,9132646650,Rangwe
1325,9132646652,Kidasha
1326,9132646653,Kiraro
1327,9132646654,Ndihwe
1328,9132730140,Mafuro
1329,9132730141,Mushonge
1330,9132730247,Buhigiranka
1331,9132730253,Masama
1332,9132842642,Gahwazi
1333,9133560655,Nyamwera
1334,9133560662,Nkango
1335,9133560663,Busokoza
1336,9133573049,Bihembe
1337,9133573055,Gasivya
1338,9133573056,Gasenyi
1339,9134936175,unnamed
1340,9134936258,unnamed
1341,9135592379,Buhevyi
1342,9135592380,Bugorora
1343,9135592381,unnamed
1344,9135592382,Maruri
1345,9135592389,Kobero
1346,9135592390,Bwisha
1347,9135592394,Nkohwa
1348,9135592395,Gisabazuba
1349,9135592396,Butsimba
1350,9135592397,Shore
1351,9135592406,Nyamisagara
1352,9135832506,Kanyagu
1353,9135832507,Murungurira
1354,9135832508,Nyagatovu
1355,9135832512,Nyakibanda
1356,9135832513,Rwisuri
1357,9135882138,Gasezerwa
1358,9136422961,Rwamfu
1359,9136422966,Ntaruka
1360,9136429834,Rwabiriro
1361,9136429835,Cahi
1362,9136430326,Rudaraza
1363,9136930816,unnamed
1364,9137171845,unnamed
1365,9137603733,unnamed
1366,9137807549,unnamed
1367,9138175316,Mpunge
1368,9138349750,Bunyuka
1369,9139048731,Nkomero
1370,9139048734,Mihogoro
1371,9139048735,Higiro
1372,9139048736,Gitunda
1373,9139051941,Gigozi
1374,9139052093,Karoba
1375,9142671875,Mugerama
1376,9142671876,Mukimba
1377,9142694030,Murinda
1378,9142694031,Gitaba
1379,9143244135,Biniganyi
1380,9143381681,Nyabigega
1381,9143381697,Burarana
1382,9143381703,Mudahandwa
1383,9144753877,Ndagano
1384,9144753899,Ntunda
1385,9144773018,Migera
1386,9144876594,Nyagatovu
1387,9144876595,Muyange
1388,9144876596,Gasigati
1389,9144876597,Nyarwaga
1390,9144876598,Burenza
1391,9144876599,Kamvumvu
1392,9144883996,Raro
1393,9144884003,Karimbi
1394,9144915275,Nyemanga
1395,9144915276,Kinama
1396,9144915277,Bambo
1397,9147007937,Gitara
1398,9147050265,Bungere
1399,9149368874,Nyenzi
1400,9149368875,Kabuye-Gitanga
1401,9149368961,Rukongwa
1402,9149368966,Nyagatovu
1403,9149369000,Rugabano
1404,9150240319,Mahonda
1405,9151049637,unnamed
1406,9152215249,Kighrika
1407,9152474841,Gitega
1408,9152728187,Kabuga
1409,9154964650,unnamed
1410,9155569262,unnamed
1411,9167580343,Nyange
1412,9168469430,Muyange
1413,9168562897,Buga
1414,9169013879,unnamed
1415,9169014109,unnamed
1416,9169014393,unnamed
1417,9169797317,Canda
1418,9169797318,Makoronkwe
1419,9169797319,Kayogoro
1420,9169842307,unnamed
1421,9171109978,unnamed
1422,9171110059,unnamed
1423,9171158952,unnamed
1424,9171158981,unnamed
1425,9171159034,unnamed
1426,9171159080,unnamed
1427,9171486487,unnamed
1428,9171486815,unnamed
1429,9173450913,Ramba
1430,9176710202,Rumunvu
1431,9177791461,Nyantozo
1432,9178214420,Kivoga
1433,9180005137,Jimbi
1434,9181101967,Ndemeka
1435,9183231550,Mago
1436,9183547372,Monge
1437,9190443881,unnamed
1438,9203516339,Kabingo
1439,9209437310,unnamed
1440,9209437384,unnamed
1441,9209996739,unnamed
1442,9214439775,Murambi
1443,9215148024,Munagano
1444,9215148342,Kizi
1445,9225486306,Kabanga
1446,9235463700,unnamed
